,date,open,close,high,low,volume,code
0,2006-08-02,1.816,1.929,2.043,1.804,383488.13,002056
1,2006-08-03,1.874,2.029,2.087,1.863,199703.05,002056
2,2006-08-04,2.006,1.994,2.038,1.955,129072.65,002056
3,2006-08-07,1.991,2.016,2.082,1.988,102270.44,002056
4,2006-08-08,2.029,2.001,2.059,1.955,87102.72,002056
5,2006-08-09,1.983,1.896,1.991,1.871,90929.2,002056
6,2006-08-10,1.896,1.899,1.908,1.844,57709.91,002056
7,2006-08-11,1.886,1.914,1.941,1.85,59957.68,002056
8,2006-08-14,1.898,1.812,1.908,1.803,60258.96,002056
9,2006-08-15,1.815,1.832,1.854,1.774,56617.95,002056
10,2006-08-16,1.823,1.832,1.843,1.795,32340.24,002056
11,2006-08-17,1.826,1.809,1.831,1.78,23500.65,002056
12,2006-08-18,1.801,1.828,1.872,1.795,37092.95,002056
13,2006-08-21,1.767,1.846,1.86,1.752,23627.55,002056
14,2006-08-22,1.829,1.826,1.86,1.82,22259.11,002056
15,2006-08-23,1.82,1.82,1.847,1.803,23825.66,002056
16,2006-08-24,1.817,1.886,1.909,1.809,54266.72,002056
17,2006-08-25,1.89,1.884,1.927,1.875,54280.18,002056
18,2006-08-28,1.878,1.904,1.94,1.878,40648.83,002056
19,2006-08-29,1.908,1.926,1.946,1.896,45130.98,002056
20,2006-08-30,1.918,1.982,2.014,1.916,49831.14,002056
21,2006-08-31,1.977,2.0,2.053,1.954,52810.26,002056
22,2006-09-01,1.988,1.942,2.0,1.91,40580.33,002056
23,2006-09-05,1.982,1.958,2.027,1.947,47554.77,002056
24,2006-09-06,1.958,1.979,1.988,1.94,21338.06,002056
25,2006-09-07,1.98,2.002,2.01,1.946,30592.34,002056
26,2006-09-08,2.006,2.124,2.202,1.994,132111.11,002056
27,2006-09-11,2.101,2.161,2.193,2.091,69671.77,002056
28,2006-09-12,2.146,2.137,2.162,2.102,31438.31,002056
29,2006-09-13,2.149,2.123,2.251,2.117,60149.05,002056
30,2006-09-14,2.109,2.047,2.142,2.001,60545.49,002056
31,2006-09-15,2.035,2.029,2.063,2.017,31560.49,002056
32,2006-09-18,2.043,2.078,2.081,2.032,23985.56,002056
33,2006-09-19,2.078,2.063,2.126,2.054,22453.76,002056
34,2006-09-20,2.051,2.087,2.106,2.019,35166.82,002056
35,2006-09-21,2.086,2.148,2.151,2.065,32929.05,002056
36,2006-09-22,2.137,2.097,2.161,2.096,21118.76,002056
37,2006-09-25,2.105,2.016,2.125,2.01,29501.41,002056
38,2006-09-26,2.006,2.006,2.027,1.982,15192.79,002056
39,2006-09-27,2.017,2.017,2.026,1.988,12124.39,002056
40,2006-09-28,2.009,2.023,2.039,2.009,14647.85,002056
41,2006-09-29,2.025,2.062,2.107,2.025,23157.94,002056
42,2006-10-09,2.083,2.101,2.102,2.045,22664.42,002056
43,2006-10-10,2.101,2.125,2.164,2.088,35187.85,002056
44,2006-10-11,2.125,2.188,2.23,2.095,44550.48,002056
45,2006-10-12,2.173,2.168,2.25,2.137,34909.13,002056
46,2006-10-13,2.15,2.185,2.192,2.111,21875.18,002056
47,2006-10-16,2.185,2.22,2.262,2.185,24489.36,002056
48,2006-10-17,2.21,2.167,2.229,2.161,14166.91,002056
49,2006-10-18,2.165,2.192,2.193,2.143,9725.24,002056
50,2006-10-19,2.192,2.259,2.262,2.164,27253.86,002056
51,2006-10-20,2.266,2.278,2.34,2.245,36276.59,002056
52,2006-10-23,2.284,2.244,2.352,2.242,29555.94,002056
53,2006-10-24,2.226,2.359,2.37,2.226,24015.14,002056
54,2006-10-25,2.349,2.356,2.37,2.292,31493.4,002056
55,2006-10-26,2.346,2.298,2.346,2.268,26210.98,002056
56,2006-10-27,2.28,2.265,2.31,2.262,11251.04,002056
57,2006-10-30,2.265,2.208,2.265,2.152,22309.7,002056
58,2006-10-31,2.185,2.2,2.22,2.17,8653.24,002056
59,2006-11-01,2.205,2.231,2.254,2.194,12991.37,002056
60,2006-11-02,2.208,2.144,2.218,2.123,52764.39,002056
61,2006-11-03,2.137,2.18,2.208,2.137,15685.32,002056
62,2006-11-06,2.194,2.179,2.224,2.17,17142.33,002056
63,2006-11-07,2.17,2.213,2.218,2.137,23222.23,002056
64,2006-11-08,2.218,2.223,2.23,2.162,15468.59,002056
65,2006-11-09,2.22,2.286,2.321,2.199,25137.96,002056
66,2006-11-10,2.28,2.18,2.309,2.161,24316.96,002056
67,2006-11-13,2.168,2.09,2.185,2.071,30072.51,002056
68,2006-11-14,2.087,2.1,2.124,2.057,16075.66,002056
69,2006-11-15,2.111,2.107,2.132,2.068,19001.0,002056
70,2006-11-16,2.115,2.044,2.145,2.025,31887.41,002056
71,2006-11-17,2.035,2.064,2.075,2.017,14185.79,002056
72,2006-11-20,2.064,2.04,2.064,2.006,21673.94,002056
73,2006-11-21,2.029,2.107,2.111,2.017,20795.06,002056
74,2006-11-22,2.101,2.097,2.111,2.071,21379.05,002056
75,2006-11-23,2.089,2.125,2.137,2.053,22469.31,002056
76,2006-11-24,2.125,2.124,2.125,2.083,20552.8,002056
77,2006-11-27,2.115,2.16,2.164,2.096,17549.33,002056
78,2006-11-28,2.151,2.113,2.154,2.09,18432.55,002056
79,2006-11-29,2.089,2.128,2.136,2.063,18026.5,002056
80,2006-11-30,2.125,2.156,2.183,2.113,21875.78,002056
81,2006-12-01,2.156,2.161,2.197,2.123,20354.06,002056
82,2006-12-04,2.162,2.214,2.25,2.162,27008.86,002056
83,2006-12-05,2.204,2.208,2.245,2.179,18447.08,002056
84,2006-12-06,2.197,2.17,2.238,2.123,26840.46,002056
85,2006-12-07,2.167,2.108,2.195,2.108,22780.47,002056
86,2006-12-08,2.086,2.083,2.101,2.037,27531.75,002056
87,2006-12-11,2.087,2.094,2.099,2.059,10533.56,002056
88,2006-12-12,2.089,2.043,2.094,2.039,31385.08,002056
89,2006-12-13,2.039,2.069,2.088,2.019,16659.99,002056
90,2006-12-14,2.065,2.08,2.084,2.047,9390.05,002056
91,2006-12-15,2.077,2.112,2.113,2.052,17483.37,002056
92,2006-12-18,2.102,2.117,2.134,2.089,17431.98,002056
93,2006-12-19,2.117,2.188,2.214,2.068,34519.6,002056
94,2006-12-20,2.189,2.208,2.228,2.155,22246.01,002056
95,2006-12-21,2.197,2.126,2.206,2.125,18252.4,002056
96,2006-12-22,2.121,2.072,2.125,2.066,14582.69,002056
97,2006-12-25,2.072,2.075,2.131,2.065,14446.11,002056
98,2006-12-26,2.087,2.208,2.208,2.053,22186.68,002056
99,2006-12-27,2.202,2.228,2.31,2.182,32486.6,002056
100,2006-12-28,2.21,2.205,2.294,2.164,17248.96,002056
101,2006-12-29,2.247,2.388,2.426,2.226,76704.57,002056
102,2007-01-04,2.388,2.347,2.476,2.34,48473.44,002056
103,2007-01-05,2.328,2.441,2.482,2.323,33559.8,002056
104,2007-01-08,2.493,2.495,2.531,2.447,24295.84,002056
105,2007-01-09,2.505,2.512,2.543,2.45,26969.32,002056
106,2007-01-10,2.499,2.468,2.505,2.414,27250.42,002056
107,2007-01-11,2.489,2.507,2.623,2.475,28185.86,002056
108,2007-01-12,2.507,2.358,2.531,2.34,24088.9,002056
109,2007-01-15,2.352,2.494,2.515,2.352,21564.0,002056
110,2007-01-16,2.5,2.602,2.636,2.438,30286.63,002056
111,2007-01-17,2.621,2.493,2.686,2.388,33560.62,002056
112,2007-01-18,2.5,2.742,2.742,2.495,56121.87,002056
113,2007-01-19,2.743,2.841,2.913,2.743,40826.98,002056
114,2007-01-22,2.878,2.97,3.008,2.821,41566.78,002056
115,2007-01-23,2.961,3.02,3.03,2.878,36966.73,002056
116,2007-01-24,2.984,2.916,3.0,2.898,29199.58,002056
117,2007-01-25,2.866,2.877,2.966,2.793,33608.54,002056
118,2007-01-26,2.746,2.865,2.925,2.746,41236.39,002056
119,2007-01-29,2.889,3.038,3.103,2.851,24715.16,002056
120,2007-01-30,3.051,2.972,3.067,2.925,12212.58,002056
121,2007-01-31,2.949,2.699,2.97,2.675,24753.0,002056
122,2007-02-01,2.686,2.698,2.767,2.639,33238.74,002056
123,2007-02-02,2.698,2.594,2.734,2.593,14680.14,002056
124,2007-02-05,2.569,2.668,2.705,2.569,19459.07,002056
125,2007-02-06,2.662,2.655,2.68,2.576,23424.21,002056
126,2007-02-07,2.687,2.672,2.731,2.648,15096.34,002056
127,2007-02-08,2.663,2.752,2.775,2.629,19267.47,002056
128,2007-02-09,2.743,2.753,2.793,2.743,9516.38,002056
129,2007-02-12,2.758,2.833,2.861,2.758,10828.61,002056
130,2007-02-13,2.833,2.962,2.995,2.833,18912.01,002056
131,2007-02-14,2.963,2.957,2.982,2.925,11777.7,002056
132,2007-02-15,2.962,3.115,3.136,2.949,28210.73,002056
133,2007-02-16,3.104,3.104,3.252,3.054,17416.2,002056
134,2007-02-26,3.146,3.154,3.222,3.146,15841.74,002056
135,2007-02-27,3.155,2.839,3.222,2.839,29044.32,002056
136,2007-02-28,2.851,2.97,3.0,2.793,21048.01,002056
137,2007-03-01,2.968,2.828,2.968,2.781,17354.83,002056
138,2007-03-02,2.83,2.925,2.943,2.83,11431.38,002056
139,2007-03-05,2.914,2.903,3.008,2.848,18260.24,002056
140,2007-03-06,2.865,2.887,2.925,2.793,24653.3,002056
141,2007-03-07,2.887,3.089,3.12,2.865,31923.68,002056
142,2007-03-08,2.983,2.919,2.983,2.865,49058.6,002056
143,2007-03-09,2.913,2.816,2.913,2.795,45298.77,002056
144,2007-03-12,2.815,2.851,2.875,2.779,24906.71,002056
145,2007-03-13,2.853,2.892,2.907,2.829,22183.21,002056
146,2007-03-14,2.877,2.83,2.878,2.805,18723.8,002056
147,2007-03-15,2.841,2.94,2.966,2.83,24147.02,002056
148,2007-03-16,2.945,2.876,3.032,2.812,28909.73,002056
149,2007-03-19,2.779,2.901,2.91,2.748,15628.46,002056
150,2007-03-20,2.907,2.895,2.97,2.866,14815.97,002056
151,2007-03-21,2.895,2.869,2.91,2.847,14539.5,002056
152,2007-03-22,2.883,2.901,2.957,2.869,19475.44,002056
153,2007-03-23,2.901,2.986,3.014,2.901,27102.44,002056
154,2007-03-26,3.032,3.026,3.08,2.99,22884.72,002056
155,2007-03-27,3.039,3.018,3.087,2.99,18801.23,002056
156,2007-03-29,3.014,3.042,3.125,2.984,31516.15,002056
157,2007-03-30,3.032,2.961,3.056,2.947,18617.12,002056
158,2007-04-02,2.961,3.008,3.02,2.926,17648.15,002056
159,2007-04-03,3.014,3.035,3.043,2.961,20373.99,002056
160,2007-04-04,3.038,3.104,3.13,3.038,27759.07,002056
161,2007-04-05,3.094,3.092,3.126,3.02,17587.21,002056
162,2007-04-06,3.067,3.268,3.271,3.046,41355.72,002056
163,2007-04-09,3.301,3.307,3.474,3.254,39756.84,002056
164,2007-04-10,3.316,3.319,3.354,3.2,21394.52,002056
165,2007-04-11,3.325,3.364,3.402,3.259,28448.4,002056
166,2007-04-12,3.402,3.462,3.513,3.343,22539.54,002056
167,2007-04-13,3.462,3.319,3.462,3.301,21347.33,002056
168,2007-04-16,3.308,3.376,3.402,3.3,17344.12,002056
169,2007-04-17,3.36,3.381,3.424,3.26,25287.01,002056
170,2007-04-18,3.376,3.492,3.576,3.364,30639.16,002056
171,2007-04-19,3.487,3.273,3.516,3.184,30631.4,002056
172,2007-04-20,3.295,3.366,3.426,3.295,29093.38,002056
173,2007-04-23,3.357,3.469,3.534,3.356,33334.51,002056
174,2007-04-24,3.48,3.498,3.579,3.444,32687.79,002056
175,2007-04-25,3.463,3.434,3.486,3.283,21757.78,002056
176,2007-04-26,3.406,3.563,3.578,3.403,27286.67,002056
177,2007-04-27,3.591,3.426,3.605,3.426,13707.19,002056
178,2007-04-30,3.408,3.427,3.458,3.346,17650.08,002056
179,2007-05-08,3.474,3.45,3.522,3.43,22143.77,002056
180,2007-05-09,3.462,3.346,3.462,3.283,25180.45,002056
181,2007-05-10,3.344,3.35,3.384,3.289,21464.13,002056
182,2007-05-11,3.343,3.289,3.353,3.257,17044.28,002056
183,2007-05-14,3.235,3.307,3.354,3.224,15607.66,002056
184,2007-05-15,3.337,3.141,3.353,3.141,20371.15,002056
185,2007-05-16,3.181,3.268,3.286,3.176,11264.61,002056
186,2007-05-17,3.282,3.36,3.404,3.282,16870.55,002056
187,2007-05-18,3.345,3.379,3.403,3.322,14690.68,002056
188,2007-05-21,3.282,3.415,3.478,3.264,23551.63,002056
189,2007-05-22,3.436,3.502,3.542,3.387,26519.7,002056
190,2007-05-23,3.538,3.543,3.623,3.502,22518.55,002056
191,2007-05-24,3.524,3.451,3.579,3.392,30494.76,002056
192,2007-05-25,3.422,3.68,3.734,3.395,28996.92,002056
193,2007-05-28,3.724,3.791,3.855,3.683,24599.98,002056
194,2007-05-29,3.792,3.738,3.826,3.563,20690.48,002056
195,2007-05-30,3.502,3.378,3.643,3.364,28905.23,002056
196,2007-05-31,3.392,3.46,3.515,3.215,27206.28,002056
197,2007-06-01,3.454,3.488,3.726,3.454,27638.03,002056
198,2007-06-04,3.529,3.357,3.606,3.273,20270.1,002056
199,2007-06-05,3.333,3.351,3.478,3.029,22109.85,002056
200,2007-06-06,3.367,3.413,3.442,3.249,26099.02,002056
201,2007-06-07,3.442,3.755,3.755,3.4,39595.28,002056
202,2007-06-08,3.816,3.828,3.933,3.662,34227.85,002056
203,2007-06-11,3.781,4.055,4.166,3.781,38611.69,002056
204,2007-06-12,4.076,4.203,4.263,3.934,33457.71,002056
205,2007-06-13,4.189,4.186,4.239,4.106,18484.49,002056
206,2007-06-14,4.166,4.089,4.166,4.046,17536.81,002056
207,2007-06-15,4.046,4.398,4.498,3.985,22546.91,002056
208,2007-06-18,4.401,4.347,4.529,4.347,19752.87,002056
209,2007-06-19,4.3,4.322,4.408,4.228,16473.74,002056
210,2007-06-20,4.299,4.136,4.323,4.106,17230.68,002056
211,2007-06-21,4.094,4.106,4.226,4.047,10312.84,002056
212,2007-06-22,4.118,3.913,4.163,3.856,15810.99,002056
213,2007-06-25,3.931,3.637,3.997,3.629,13533.24,002056
214,2007-06-26,3.538,3.816,3.86,3.538,14679.35,002056
215,2007-06-27,3.804,3.904,3.922,3.804,15939.17,002056
216,2007-06-28,3.924,3.635,3.983,3.627,14037.87,002056
217,2007-06-29,3.564,3.49,3.663,3.466,16203.2,002056
218,2007-07-02,3.502,3.519,3.563,3.383,15732.04,002056
219,2007-07-03,3.529,3.578,3.599,3.496,18038.87,002056
220,2007-07-04,3.584,3.5,3.599,3.459,14894.21,002056
221,2007-07-05,3.478,3.321,3.478,3.282,14825.9,002056
222,2007-07-06,3.315,3.442,3.454,3.204,12482.55,002056
223,2007-07-09,3.454,3.579,3.599,3.355,48897.75,002056
224,2007-07-10,3.549,3.362,3.549,3.337,23848.55,002056
225,2007-07-11,3.309,3.389,3.396,3.309,8971.5,002056
226,2007-07-12,3.406,3.408,3.473,3.323,8703.33,002056
227,2007-07-13,3.408,3.408,3.436,3.355,4966.68,002056
228,2007-07-16,3.381,3.418,3.47,3.381,8173.41,002056
229,2007-07-17,3.408,3.478,3.54,3.358,12984.01,002056
230,2007-07-18,3.479,3.49,3.575,3.461,14101.16,002056
231,2007-07-19,3.491,3.511,3.556,3.472,10488.83,002056
232,2007-07-20,3.537,3.612,3.641,3.537,18614.48,002056
233,2007-07-23,3.618,3.732,3.759,3.618,20781.93,002056
234,2007-07-24,3.786,3.676,3.79,3.676,20755.88,002056
235,2007-07-25,3.683,3.762,3.777,3.647,15818.4,002056
236,2007-07-26,3.756,3.741,3.798,3.693,16805.85,002056
237,2007-07-27,3.741,3.87,3.874,3.671,29955.77,002056
238,2007-07-30,3.841,3.846,3.903,3.828,22297.76,002056
239,2007-07-31,3.852,3.79,3.886,3.721,22150.26,002056
240,2007-08-01,3.769,3.622,3.902,3.611,20655.01,002056
241,2007-08-02,3.683,3.744,3.802,3.611,21245.87,002056
242,2007-08-03,3.792,3.976,4.058,3.792,41028.45,002056
243,2007-08-06,3.988,3.902,4.031,3.899,25522.37,002056
244,2007-08-07,3.883,3.907,4.018,3.883,21209.87,002056
245,2007-08-08,3.887,3.746,3.889,3.706,17133.46,002056
246,2007-08-09,3.746,3.759,3.804,3.722,14024.19,002056
247,2007-08-10,3.744,3.656,3.8,3.598,19119.72,002056
248,2007-08-13,3.693,4.021,4.021,3.693,52998.76,002056
249,2007-08-14,4.021,4.087,4.175,3.972,38957.38,002056
250,2007-08-15,4.02,4.021,4.094,3.883,19234.62,002056
251,2007-08-16,4.106,4.046,4.128,4.0,19513.53,002056
252,2007-08-17,4.009,3.866,4.078,3.844,19629.22,002056
253,2007-08-20,3.947,3.995,4.007,3.933,12686.49,002056
254,2007-08-21,4.021,3.949,4.027,3.926,14293.25,002056
255,2007-08-22,3.947,4.146,4.248,3.913,28564.32,002056
256,2007-08-23,4.14,4.148,4.197,4.079,17455.94,002056
257,2007-08-24,4.166,4.263,4.323,4.108,19694.39,002056
258,2007-08-27,4.354,4.226,4.442,4.107,17340.35,002056
259,2007-08-28,4.215,4.177,4.226,4.116,14634.32,002056
260,2007-08-29,4.199,4.106,4.261,4.079,15759.67,002056
261,2007-08-30,4.119,4.168,4.215,4.088,15642.01,002056
262,2007-08-31,4.168,4.145,4.251,4.136,14550.04,002056
263,2007-09-03,4.188,4.263,4.299,4.147,26402.36,002056
264,2007-09-05,4.191,4.229,4.248,4.094,19815.56,002056
265,2007-09-06,4.215,4.228,4.298,4.203,16380.63,002056
266,2007-09-07,4.188,4.113,4.233,4.094,20658.6,002056
267,2007-09-10,4.088,4.347,4.405,4.058,34559.46,002056
268,2007-09-11,4.322,4.106,4.346,4.058,19765.25,002056
269,2007-09-12,4.106,4.227,4.323,4.106,27378.99,002056
270,2007-09-13,4.227,4.191,4.264,4.154,13806.14,002056
271,2007-09-14,4.227,4.372,4.405,4.166,36419.56,002056
272,2007-09-17,4.322,4.381,4.424,4.3,18184.92,002056
273,2007-09-18,4.372,4.421,4.605,4.366,21166.52,002056
274,2007-09-19,4.468,4.275,4.503,4.262,13178.64,002056
275,2007-09-20,4.279,4.396,4.42,4.279,17863.32,002056
276,2007-09-21,4.44,4.462,4.465,4.236,23553.31,002056
277,2007-09-24,4.453,4.468,4.587,4.407,19845.61,002056
278,2007-09-25,4.426,4.341,4.468,4.293,12776.92,002056
279,2007-09-26,4.341,4.337,4.444,4.299,5800.37,002056
280,2007-09-27,4.379,4.396,4.49,4.347,14931.4,002056
281,2007-09-28,4.467,4.541,4.562,4.396,25188.05,002056
282,2007-10-08,4.591,4.555,4.661,4.532,27677.72,002056
283,2007-10-09,4.601,4.903,4.951,4.523,38391.02,002056
284,2007-10-10,4.925,4.71,4.951,4.71,47900.87,002056
285,2007-10-11,4.712,4.686,4.768,4.553,53772.09,002056
286,2007-10-17,4.635,4.463,4.806,4.433,25310.82,002056
287,2007-10-18,4.478,4.468,4.529,4.436,18875.57,002056
288,2007-10-19,4.529,4.385,4.541,4.347,14340.2,002056
289,2007-10-22,4.372,4.194,4.372,4.178,12008.05,002056
290,2007-10-23,4.227,4.098,4.248,4.09,10926.81,002056
291,2007-10-24,4.118,4.125,4.198,4.094,9461.93,002056
292,2007-10-25,4.125,3.712,4.155,3.712,28323.05,002056
293,2007-10-26,3.768,4.083,4.083,3.762,36450.5,002056
294,2007-10-29,4.07,3.922,4.07,3.864,20150.37,002056
295,2007-10-30,3.915,3.934,4.034,3.867,11231.29,002056
296,2007-10-31,3.957,4.077,4.13,3.957,20935.32,002056
297,2007-11-01,4.177,4.047,4.224,4.047,16929.89,002056
298,2007-11-02,3.985,3.839,3.985,3.819,14396.66,002056
299,2007-11-05,3.827,3.95,3.997,3.826,25118.29,002056
300,2007-11-06,3.953,3.875,3.979,3.864,19260.57,002056
301,2007-11-07,3.875,3.793,3.949,3.744,13109.14,002056
302,2007-11-08,3.792,3.588,3.792,3.565,23543.72,002056
303,2007-11-09,3.587,3.589,3.672,3.563,16681.93,002056
304,2007-11-12,3.518,3.693,3.707,3.518,22163.26,002056
305,2007-11-13,3.717,3.683,3.803,3.629,14549.79,002056
306,2007-11-14,3.72,3.792,3.792,3.72,8403.97,002056
307,2007-11-15,3.78,3.721,3.815,3.707,5679.62,002056
308,2007-11-16,3.724,3.681,3.74,3.611,7033.47,002056
309,2007-11-19,3.678,3.8,3.85,3.669,12795.51,002056
310,2007-11-20,3.786,3.813,3.861,3.744,9841.75,002056
311,2007-11-21,3.814,3.814,3.84,3.776,11388.2,002056
312,2007-11-22,3.744,3.622,3.803,3.617,10153.2,002056
313,2007-11-23,3.612,3.707,3.707,3.612,7195.69,002056
314,2007-11-26,3.786,3.633,3.81,3.633,4032.24,002056
315,2007-11-27,3.623,3.623,3.672,3.593,3604.37,002056
316,2007-11-28,3.689,3.594,3.695,3.578,3757.53,002056
317,2007-11-29,3.647,3.701,3.728,3.6,6089.87,002056
318,2007-11-30,3.726,3.635,3.726,3.575,6550.11,002056
319,2007-12-03,3.63,3.659,3.671,3.6,3625.36,002056
320,2007-12-04,3.681,3.681,3.742,3.662,4261.65,002056
321,2007-12-05,3.72,3.805,3.822,3.681,9532.87,002056
322,2007-12-06,3.814,3.81,3.814,3.75,4771.64,002056
323,2007-12-07,3.816,3.819,3.826,3.729,11915.08,002056
324,2007-12-10,3.756,3.961,3.968,3.732,14701.61,002056
325,2007-12-11,3.951,3.922,3.977,3.89,8985.88,002056
326,2007-12-12,3.948,3.977,4.0,3.903,10583.91,002056
327,2007-12-13,3.979,3.901,4.082,3.884,14457.01,002056
328,2007-12-14,3.878,3.921,3.924,3.831,13036.21,002056
329,2007-12-17,3.922,3.985,4.04,3.883,11912.19,002056
330,2007-12-18,3.927,3.949,4.008,3.927,5505.84,002056
331,2007-12-19,3.971,4.037,4.079,3.96,17136.58,002056
332,2007-12-20,4.079,4.091,4.122,4.049,15819.58,002056
333,2007-12-21,4.082,4.094,4.123,4.058,13566.76,002056
334,2007-12-24,4.13,4.151,4.239,4.095,17600.94,002056
335,2007-12-25,4.154,4.164,4.201,4.119,9978.31,002056
336,2007-12-26,4.168,4.297,4.322,4.166,19716.56,002056
337,2007-12-27,4.299,4.414,4.45,4.299,28579.64,002056
338,2007-12-28,4.384,4.389,4.456,4.347,14617.14,002056
339,2008-01-02,4.421,4.488,4.515,4.421,15750.25,002056
340,2008-01-03,4.469,4.565,4.629,4.447,19268.39,002056
341,2008-01-04,4.572,4.46,4.589,4.43,24782.41,002056
342,2008-01-07,4.426,4.611,4.707,4.426,23189.29,002056
343,2008-01-08,4.599,4.456,4.649,4.426,21876.08,002056
344,2008-01-09,4.462,4.535,4.546,4.409,26546.97,002056
345,2008-01-10,4.541,4.529,4.649,4.495,24423.07,002056
346,2008-01-11,4.561,4.553,4.583,4.454,17423.89,002056
347,2008-01-14,4.555,4.661,4.707,4.512,22377.17,002056
348,2008-01-15,4.686,4.698,4.742,4.635,19901.25,002056
349,2008-01-16,4.661,4.68,4.77,4.625,22423.86,002056
350,2008-01-17,4.661,4.584,4.829,4.432,27866.81,002056
351,2008-01-18,4.583,4.554,4.63,4.484,12626.6,002056
352,2008-01-21,4.589,4.351,4.631,4.347,25496.65,002056
353,2008-01-22,4.273,3.916,4.322,3.916,29354.94,002056
354,2008-01-23,3.985,4.125,4.126,3.961,24270.65,002056
355,2008-01-24,4.153,4.172,4.201,4.043,24505.67,002056
356,2008-01-25,4.133,4.186,4.297,4.131,17547.82,002056
357,2008-01-28,4.142,3.846,4.227,3.828,19322.29,002056
358,2008-01-29,3.878,3.971,3.979,3.848,9124.41,002056
359,2008-01-30,3.985,4.065,4.165,3.984,14776.19,002056
360,2008-01-31,4.065,3.978,4.195,3.971,6862.39,002056
361,2008-02-01,3.962,3.792,4.025,3.647,11966.35,002056
362,2008-02-04,3.907,4.124,4.136,3.895,12257.19,002056
363,2008-02-05,4.021,4.29,4.345,4.021,18167.75,002056
364,2008-02-13,4.239,4.36,4.454,4.215,17354.94,002056
365,2008-02-14,4.418,4.379,4.439,4.327,10579.31,002056
366,2008-02-15,4.347,4.548,4.576,4.302,18939.16,002056
367,2008-02-18,4.648,4.613,4.776,4.59,33952.16,002056
368,2008-02-19,4.647,4.71,4.827,4.614,40221.59,002056
369,2008-02-20,4.722,4.704,4.77,4.649,31384.0,002056
370,2008-02-21,4.703,4.856,4.889,4.578,42647.26,002056
371,2008-02-22,4.864,4.589,4.879,4.549,37793.24,002056
372,2008-02-25,4.634,4.287,4.684,4.236,38015.07,002056
373,2008-02-26,4.565,4.375,4.565,4.297,67304.0,002056
374,2008-02-27,4.422,4.468,4.585,4.402,52025.5,002056
375,2008-02-28,4.492,4.443,4.502,4.334,30087.07,002056
376,2008-02-29,4.444,4.764,4.782,4.421,53136.24,002056
377,2008-03-03,4.698,4.893,4.997,4.657,84465.19,002056
378,2008-03-04,4.891,4.763,4.897,4.763,39493.78,002056
379,2008-03-05,4.712,4.668,4.788,4.507,37196.29,002056
380,2008-03-06,4.68,4.607,4.752,4.579,26841.05,002056
381,2008-03-07,4.565,4.588,4.695,4.541,17104.29,002056
382,2008-03-10,4.553,4.405,4.553,4.39,22767.53,002056
383,2008-03-11,4.397,4.475,4.483,4.288,21145.73,002056
384,2008-03-12,4.565,4.246,4.585,4.23,27896.6,002056
385,2008-03-13,4.168,4.095,4.275,3.972,21824.22,002056
386,2008-03-14,4.094,4.082,4.165,4.011,12307.81,002056
387,2008-03-17,4.07,3.788,4.111,3.78,21379.17,002056
388,2008-03-19,3.653,3.835,3.967,3.544,37518.77,002056
389,2008-03-20,3.683,3.997,4.058,3.577,25919.27,002056
390,2008-03-21,3.962,3.98,4.091,3.937,17450.75,002056
391,2008-03-24,4.015,3.792,4.055,3.78,17050.6,002056
392,2008-03-25,3.756,3.838,3.864,3.659,13889.4,002056
393,2008-03-26,3.864,3.939,4.067,3.835,17992.22,002056
394,2008-03-27,3.922,3.794,3.961,3.792,13527.7,002056
395,2008-03-28,3.756,3.938,3.983,3.685,16532.8,002056
396,2008-03-31,3.816,3.757,3.889,3.756,9569.91,002056
397,2008-04-01,3.721,3.381,3.804,3.381,20492.95,002056
398,2008-04-02,3.298,3.067,3.38,3.043,46632.63,002056
399,2008-04-03,3.067,3.16,3.203,3.029,18542.17,002056
400,2008-04-07,3.11,3.39,3.439,3.082,27697.43,002056
401,2008-04-08,3.381,3.432,3.486,3.333,24956.7,002056
402,2008-04-09,3.381,3.188,3.439,3.179,22118.22,002056
403,2008-04-10,3.142,3.275,3.32,3.128,15085.76,002056
404,2008-04-11,3.315,3.373,3.464,3.285,15736.72,002056
405,2008-04-14,3.279,3.111,3.319,3.086,19479.53,002056
406,2008-04-15,3.111,3.234,3.241,3.092,13889.58,002056
407,2008-04-16,3.239,3.122,3.241,3.092,12164.41,002056
408,2008-04-17,3.146,2.983,3.2,2.935,14988.63,002056
409,2008-04-18,2.971,2.838,2.98,2.807,16002.79,002056
410,2008-04-21,3.055,2.802,3.077,2.802,18783.19,002056
411,2008-04-22,2.717,2.705,2.753,2.537,21875.52,002056
412,2008-04-23,2.633,2.79,2.838,2.575,24581.4,002056
413,2008-04-24,3.019,3.069,3.069,2.961,43704.81,002056
414,2008-04-25,3.067,3.171,3.279,3.043,36339.38,002056
415,2008-04-28,3.176,3.243,3.292,3.176,32500.08,002056
416,2008-04-29,3.227,3.23,3.258,3.179,20564.92,002056
417,2008-04-30,3.261,3.415,3.428,3.236,33860.29,002056
418,2008-05-05,3.502,3.689,3.729,3.418,78386.63,002056
419,2008-05-06,3.552,3.46,3.622,3.434,89588.19,002056
420,2008-05-07,3.463,3.202,3.538,3.188,72377.68,002056
421,2008-05-08,3.139,3.357,3.357,3.118,50756.62,002056
422,2008-05-09,3.381,3.255,3.417,3.163,49244.04,002056
423,2008-05-12,3.146,3.456,3.511,3.142,60407.29,002056
424,2008-05-13,3.316,3.422,3.472,3.287,58871.42,002056
425,2008-05-14,3.393,3.453,3.501,3.381,46906.99,002056
426,2008-05-15,3.501,3.335,3.547,3.335,62083.17,002056
427,2008-05-16,3.354,3.274,3.4,3.241,34579.14,002056
428,2008-05-19,3.284,3.316,3.335,3.265,28846.59,002056
429,2008-05-20,3.332,3.043,3.378,3.019,40854.43,002056
430,2008-05-21,3.016,3.118,3.13,2.898,47619.5,002056
431,2008-05-22,3.089,2.987,3.11,2.973,26183.5,002056
432,2008-05-23,2.97,2.958,3.038,2.917,31896.63,002056
433,2008-05-26,2.936,3.016,3.091,2.936,35063.99,002056
434,2008-05-27,3.016,2.982,3.04,2.934,19266.84,002056
435,2008-05-29,3.043,2.968,3.086,2.968,26665.07,002056
436,2008-05-30,2.982,2.946,3.016,2.888,22732.18,002056
437,2008-06-02,2.922,2.915,2.965,2.898,27097.23,002056
438,2008-06-03,2.898,2.878,2.941,2.847,23428.22,002056
439,2008-06-04,2.874,2.82,2.876,2.736,24865.98,002056
440,2008-06-05,2.82,2.862,2.891,2.813,24643.54,002056
441,2008-06-06,2.869,2.794,2.886,2.777,16160.88,002056
442,2008-06-10,2.555,2.514,2.68,2.514,47689.06,002056
443,2008-06-11,2.497,2.463,2.516,2.398,26842.96,002056
444,2008-06-12,2.432,2.478,2.507,2.415,28165.72,002056
445,2008-06-13,2.487,2.415,2.536,2.347,22008.11,002056
446,2008-06-16,2.417,2.367,2.48,2.299,25070.67,002056
447,2008-06-17,2.386,2.185,2.386,2.178,41207.69,002056
448,2008-06-18,2.127,2.265,2.321,2.028,47790.09,002056
449,2008-06-19,2.21,2.038,2.222,2.038,35760.75,002056
450,2008-06-20,2.057,2.108,2.21,1.898,51212.78,002056
451,2008-06-23,2.053,2.036,2.132,2.019,15487.21,002056
452,2008-06-24,2.021,2.101,2.125,1.992,18496.98,002056
453,2008-06-25,2.149,2.217,2.222,2.089,27115.38,002056
454,2008-06-26,2.222,2.229,2.258,2.161,28304.41,002056
455,2008-06-27,2.144,2.038,2.164,2.012,28673.27,002056
456,2008-06-30,2.028,2.045,2.07,1.983,12675.8,002056
457,2008-07-01,2.053,2.055,2.098,2.021,13690.72,002056
458,2008-07-02,2.048,2.079,2.118,2.031,11993.5,002056
459,2008-07-03,2.065,2.185,2.222,2.009,25691.34,002056
460,2008-07-04,2.185,2.161,2.222,2.14,16945.24,002056
461,2008-07-07,2.183,2.294,2.294,2.183,28922.54,002056
462,2008-07-08,2.294,2.369,2.398,2.263,37179.04,002056
463,2008-07-09,2.379,2.47,2.494,2.369,44800.1,002056
464,2008-07-10,2.415,2.458,2.579,2.4,49748.84,002056
465,2008-07-11,2.417,2.388,2.478,2.359,30737.1,002056
466,2008-07-14,2.347,2.417,2.444,2.347,21498.01,002056
467,2008-07-15,2.415,2.311,2.466,2.311,28648.24,002056
468,2008-07-16,2.294,2.246,2.338,2.154,26888.08,002056
469,2008-07-17,2.289,2.2,2.318,2.181,14900.0,002056
470,2008-07-18,2.224,2.318,2.321,2.197,16286.05,002056
471,2008-07-21,2.311,2.468,2.48,2.284,30073.14,002056
472,2008-07-22,2.449,2.446,2.482,2.42,18882.4,002056
473,2008-07-23,2.441,2.386,2.487,2.383,20937.46,002056
474,2008-07-24,2.412,2.449,2.458,2.395,18285.51,002056
475,2008-07-25,2.393,2.412,2.439,2.391,18826.8,002056
476,2008-07-28,2.42,2.434,2.475,2.42,16629.04,002056
477,2008-07-29,2.408,2.367,2.41,2.347,17150.07,002056
478,2008-07-30,2.405,2.367,2.41,2.318,17109.87,002056
479,2008-07-31,2.386,2.248,2.386,2.246,15719.36,002056
480,2008-08-01,2.248,2.284,2.304,2.176,15864.44,002056
481,2008-08-04,2.226,2.234,2.258,2.197,11733.5,002056
482,2008-08-05,2.234,2.183,2.246,2.181,10985.99,002056
483,2008-08-06,2.183,2.181,2.217,2.156,8441.34,002056
484,2008-08-07,2.193,2.188,2.226,2.164,6196.86,002056
485,2008-08-08,2.19,2.019,2.193,2.014,11757.53,002056
486,2008-08-11,2.028,1.83,2.06,1.816,18179.31,002056
487,2008-08-12,1.843,1.847,1.886,1.83,13320.52,002056
488,2008-08-13,1.855,1.932,1.968,1.792,20478.01,002056
489,2008-08-14,1.932,1.925,1.954,1.896,8329.18,002056
490,2008-08-15,1.925,1.927,1.961,1.898,8734.97,002056
491,2008-08-18,1.932,1.806,1.951,1.799,15980.09,002056
492,2008-08-19,1.806,1.871,1.879,1.782,12040.83,002056
493,2008-08-20,1.871,2.06,2.06,1.855,44258.51,002056
494,2008-08-21,2.004,2.091,2.142,1.98,55842.49,002056
495,2008-08-22,2.05,2.043,2.077,1.987,25263.5,002056
496,2008-08-25,2.041,1.987,2.05,1.975,21498.53,002056
497,2008-08-26,1.956,2.065,2.125,1.864,52769.43,002056
498,2008-08-27,2.036,2.028,2.084,1.961,25416.94,002056
499,2008-08-28,2.016,1.968,2.065,1.956,20206.63,002056
500,2008-08-29,1.98,2.045,2.077,1.968,23279.24,002056
501,2008-09-01,2.043,1.929,2.043,1.905,20788.89,002056
502,2008-09-02,1.927,1.927,1.968,1.879,14018.09,002056
503,2008-09-03,1.917,1.939,1.958,1.886,10731.43,002056
504,2008-09-04,1.915,1.946,1.97,1.915,7057.75,002056
505,2008-09-05,1.888,1.859,1.903,1.847,13675.28,002056
506,2008-09-08,1.852,1.772,1.871,1.765,11726.82,002056
507,2008-09-09,1.782,1.785,1.809,1.751,9275.29,002056
508,2008-09-10,1.78,1.777,1.823,1.71,13305.39,002056
509,2008-09-11,1.787,1.734,1.794,1.729,9545.08,002056
510,2008-09-12,1.727,1.744,1.775,1.727,5471.31,002056
511,2008-09-16,1.734,1.705,1.744,1.678,13311.37,002056
512,2008-09-17,1.702,1.683,1.722,1.678,8770.2,002056
513,2008-09-18,1.657,1.594,1.678,1.526,22296.16,002056
514,2008-09-19,1.753,1.753,1.753,1.715,20259.86,002056
515,2008-09-22,1.847,1.843,1.92,1.765,53930.32,002056
516,2008-09-23,1.758,1.724,1.785,1.719,20550.65,002056
517,2008-09-24,1.722,1.719,1.722,1.654,16705.16,002056
518,2008-09-25,1.736,1.739,1.801,1.715,26420.67,002056
519,2008-09-26,1.763,1.727,1.768,1.695,18013.42,002056
520,2008-10-06,1.727,1.637,1.727,1.628,13837.5,002056
521,2008-10-07,1.591,1.594,1.613,1.524,17966.88,002056
522,2008-10-08,1.558,1.55,1.591,1.541,13626.56,002056
523,2008-10-09,1.589,1.543,1.594,1.533,12122.92,002056
524,2008-10-10,1.497,1.439,1.497,1.42,14905.0,002056
525,2008-10-13,1.434,1.466,1.466,1.364,11914.66,002056
526,2008-10-14,1.521,1.408,1.533,1.408,16447.35,002056
527,2008-10-15,1.381,1.379,1.422,1.35,9703.22,002056
528,2008-10-16,1.331,1.28,1.331,1.275,15739.64,002056
529,2008-10-17,1.304,1.292,1.316,1.275,15241.41,002056
530,2008-10-20,1.294,1.422,1.422,1.287,33512.85,002056
531,2008-10-21,1.422,1.381,1.437,1.379,28780.83,002056
532,2008-10-22,1.364,1.391,1.463,1.347,27496.39,002056
533,2008-10-23,1.352,1.42,1.437,1.338,20989.71,002056
534,2008-10-24,1.418,1.41,1.444,1.389,16629.24,002056
535,2008-10-27,1.352,1.285,1.381,1.273,20239.66,002056
536,2008-10-28,1.273,1.34,1.343,1.258,16617.65,002056
537,2008-10-29,1.372,1.314,1.381,1.306,19222.71,002056
538,2008-10-30,1.321,1.333,1.364,1.28,16720.13,002056
539,2008-10-31,1.326,1.34,1.376,1.326,18326.46,002056
540,2008-11-03,1.34,1.335,1.367,1.319,14526.29,002056
541,2008-11-04,1.328,1.319,1.335,1.285,10688.02,002056
542,2008-11-05,1.321,1.379,1.393,1.321,22855.88,002056
543,2008-11-06,1.345,1.355,1.372,1.331,11044.38,002056
544,2008-11-07,1.338,1.393,1.413,1.326,18387.63,002056
545,2008-11-10,1.42,1.495,1.495,1.413,41812.5,002056
546,2008-11-11,1.485,1.444,1.502,1.444,29481.9,002056
547,2008-11-12,1.42,1.463,1.468,1.41,26595.38,002056
548,2008-11-13,1.43,1.536,1.558,1.43,59250.13,002056
549,2008-11-14,1.55,1.594,1.606,1.512,55595.92,002056
550,2008-11-17,1.587,1.657,1.657,1.567,64106.01,002056
551,2008-11-18,1.63,1.49,1.649,1.49,75097.63,002056
552,2008-11-19,1.49,1.582,1.599,1.456,60564.42,002056
553,2008-11-20,1.543,1.577,1.659,1.526,77935.99,002056
554,2008-11-21,1.538,1.519,1.579,1.463,58749.98,002056
555,2008-11-24,1.509,1.456,1.536,1.454,27572.02,002056
556,2008-11-25,1.49,1.466,1.5,1.444,24070.05,002056
557,2008-11-26,1.461,1.473,1.492,1.461,16870.76,002056
558,2008-11-27,1.579,1.48,1.579,1.473,43157.07,002056
559,2008-11-28,1.466,1.478,1.502,1.466,39273.26,002056
560,2008-12-01,1.478,1.572,1.579,1.473,49015.11,002056
561,2008-12-02,1.538,1.659,1.678,1.533,91181.68,002056
562,2008-12-03,1.693,1.724,1.724,1.654,99649.72,002056
563,2008-12-04,1.731,1.673,1.763,1.669,104175.71,002056
564,2008-12-05,1.661,1.736,1.751,1.649,61950.98,002056
565,2008-12-08,1.753,1.814,1.814,1.751,88559.47,002056
566,2008-12-09,1.816,1.715,1.816,1.715,68562.43,002056
567,2008-12-10,1.707,1.765,1.777,1.686,63660.78,002056
568,2008-12-12,1.712,1.618,1.712,1.601,61101.0,002056
569,2008-12-15,1.652,1.62,1.652,1.57,35543.15,002056
570,2008-12-16,1.611,1.649,1.657,1.55,32924.53,002056
571,2008-12-17,1.652,1.666,1.707,1.642,47233.31,002056
572,2008-12-18,1.671,1.688,1.695,1.63,31246.09,002056
573,2008-12-19,1.695,1.724,1.758,1.683,67306.55,002056
574,2008-12-22,1.719,1.76,1.792,1.673,70564.71,002056
575,2008-12-23,1.756,1.594,1.758,1.594,67579.35,002056
576,2008-12-24,1.565,1.57,1.594,1.529,35930.87,002056
577,2008-12-25,1.57,1.56,1.589,1.541,28169.86,002056
578,2008-12-26,1.562,1.553,1.587,1.545,17702.58,002056
579,2008-12-29,1.55,1.514,1.55,1.478,24981.98,002056
580,2008-12-30,1.529,1.541,1.577,1.526,37520.11,002056
581,2008-12-31,1.57,1.521,1.574,1.517,24148.58,002056
582,2009-01-05,1.553,1.579,1.587,1.541,31382.28,002056
583,2009-01-06,1.579,1.64,1.654,1.57,56621.26,002056
584,2009-01-07,1.64,1.657,1.683,1.632,61143.55,002056
585,2009-01-08,1.601,1.577,1.62,1.56,62443.66,002056
586,2009-01-09,1.57,1.671,1.678,1.56,69132.93,002056
587,2009-01-12,1.652,1.7,1.772,1.649,104946.99,002056
588,2009-01-13,1.683,1.625,1.702,1.623,54026.47,002056
589,2009-01-14,1.62,1.787,1.787,1.62,120977.95,002056
590,2009-01-15,1.787,1.85,1.949,1.768,233178.4,002056
591,2009-01-16,1.857,1.888,1.932,1.838,138897.75,002056
592,2009-01-19,1.908,1.852,1.92,1.821,67561.78,002056
593,2009-01-20,1.83,1.917,1.925,1.811,85156.92,002056
594,2009-01-21,1.891,1.886,1.985,1.879,86806.8,002056
595,2009-01-22,1.898,1.92,1.934,1.881,58339.19,002056
596,2009-01-23,1.92,1.871,1.92,1.859,47082.47,002056
597,2009-02-02,1.874,1.908,1.92,1.838,53772.66,002056
598,2009-02-03,1.932,1.997,2.024,1.932,95669.77,002056
599,2009-02-04,2.033,2.05,2.108,2.031,102279.04,002056
600,2009-02-05,2.065,2.016,2.127,1.98,109003.55,002056
601,2009-02-06,2.062,2.21,2.219,2.053,151323.45,002056
602,2009-02-09,2.239,2.287,2.328,2.21,121496.7,002056
603,2009-02-10,2.265,2.444,2.468,2.224,122982.82,002056
604,2009-02-11,2.405,2.352,2.511,2.306,159424.32,002056
605,2009-02-12,2.352,2.586,2.586,2.294,224226.79,002056
606,2009-02-13,2.693,2.845,2.845,2.62,284556.56,002056
607,2009-02-16,2.91,3.031,3.11,2.775,260200.12,002056
608,2009-02-17,2.898,2.886,3.038,2.779,184148.31,002056
609,2009-02-18,2.818,2.922,2.97,2.799,151265.74,002056
610,2009-02-19,2.965,2.83,3.067,2.705,159895.0,002056
611,2009-02-20,2.823,2.874,2.99,2.729,115707.89,002056
612,2009-02-23,2.862,3.067,3.161,2.777,247802.06,002056
613,2009-02-24,3.021,3.115,3.238,2.961,218309.63,002056
614,2009-02-25,3.139,2.825,3.175,2.804,187374.03,002056
615,2009-02-26,2.852,2.543,2.898,2.543,170938.43,002056
616,2009-02-27,2.451,2.405,2.487,2.35,136815.12,002056
617,2009-03-02,2.364,2.536,2.56,2.294,83064.24,002056
618,2009-03-03,2.422,2.502,2.608,2.422,77403.6,002056
619,2009-03-04,2.494,2.685,2.693,2.494,78312.15,002056
620,2009-03-05,2.729,2.61,2.76,2.494,130945.51,002056
621,2009-03-06,2.538,2.504,2.538,2.458,100153.08,002056
622,2009-03-09,2.504,2.379,2.543,2.354,62221.29,002056
623,2009-03-10,2.342,2.439,2.441,2.296,58687.77,002056
624,2009-03-11,2.478,2.403,2.482,2.391,61321.57,002056
625,2009-03-12,2.391,2.473,2.494,2.284,62564.36,002056
626,2009-03-13,2.475,2.463,2.606,2.461,101386.26,002056
627,2009-03-16,2.415,2.468,2.485,2.376,52100.44,002056
628,2009-03-17,2.441,2.533,2.572,2.417,78528.68,002056
629,2009-03-18,2.555,2.661,2.738,2.536,116921.44,002056
630,2009-03-19,2.664,2.69,2.729,2.639,73339.24,002056
631,2009-03-20,2.68,2.618,2.717,2.538,94179.47,002056
632,2009-03-23,2.625,2.75,2.801,2.625,122358.33,002056
633,2009-03-24,2.758,2.719,2.799,2.676,105397.47,002056
634,2009-03-25,2.719,2.688,2.813,2.618,152307.95,002056
635,2009-03-26,2.68,2.76,2.767,2.63,99080.25,002056
636,2009-03-27,2.794,2.808,2.919,2.777,132885.45,002056
637,2009-03-30,2.83,2.724,2.845,2.712,70702.45,002056
638,2009-03-31,2.654,2.804,2.816,2.565,128908.71,002056
639,2009-04-01,2.823,2.799,2.857,2.784,119403.63,002056
640,2009-04-02,2.799,2.77,2.82,2.743,115527.56,002056
641,2009-04-03,2.784,2.7,2.784,2.673,97305.91,002056
642,2009-04-07,2.693,2.724,2.741,2.676,42580.08,002056
643,2009-04-08,2.712,2.56,2.775,2.56,67537.65,002056
644,2009-04-09,2.56,2.594,2.608,2.536,37804.21,002056
645,2009-04-10,2.581,2.777,2.818,2.538,150872.66,002056
646,2009-04-13,2.777,2.76,2.888,2.736,131500.1,002056
647,2009-04-14,2.76,2.849,2.898,2.76,139659.96,002056
648,2009-04-15,2.825,2.893,2.895,2.799,138804.71,002056
649,2009-04-16,2.91,2.927,3.014,2.874,144036.29,002056
650,2009-04-17,2.881,2.789,2.888,2.765,79369.04,002056
651,2009-04-20,2.76,2.869,2.929,2.743,111339.19,002056
652,2009-04-22,2.845,2.581,2.871,2.581,116966.63,002056
653,2009-04-23,2.557,2.519,2.579,2.408,79037.02,002056
654,2009-04-24,2.526,2.453,2.55,2.449,55728.05,002056
655,2009-04-27,2.456,2.42,2.507,2.417,48254.98,002056
656,2009-04-28,2.393,2.437,2.475,2.386,37776.22,002056
657,2009-04-29,2.456,2.507,2.536,2.417,40171.78,002056
658,2009-04-30,2.511,2.485,2.545,2.478,41357.79,002056
659,2009-05-04,2.499,2.596,2.598,2.499,50738.02,002056
660,2009-05-05,2.606,2.608,2.639,2.584,60609.36,002056
661,2009-05-06,2.63,2.664,2.664,2.562,97292.56,002056
662,2009-05-07,2.693,2.594,2.736,2.536,112325.88,002056
663,2009-05-08,2.545,2.516,2.618,2.434,81465.36,002056
664,2009-05-11,2.521,2.422,2.521,2.422,57143.53,002056
665,2009-05-12,2.41,2.47,2.47,2.405,37534.92,002056
666,2009-05-13,2.47,2.485,2.514,2.451,52625.06,002056
667,2009-05-14,2.475,2.461,2.478,2.424,70130.12,002056
668,2009-05-15,2.466,2.49,2.499,2.449,66055.64,002056
669,2009-05-18,2.492,2.487,2.502,2.441,43827.32,002056
670,2009-05-19,2.499,2.579,2.594,2.49,110566.3,002056
671,2009-05-20,2.584,2.615,2.671,2.557,112181.03,002056
672,2009-05-21,2.618,2.673,2.705,2.608,140325.88,002056
673,2009-05-22,2.685,2.598,2.712,2.589,83999.68,002056
674,2009-05-25,2.538,2.637,2.649,2.47,77327.12,002056
675,2009-05-26,2.613,2.777,2.835,2.613,197034.19,002056
676,2009-05-27,2.777,2.755,2.833,2.712,99872.61,002056
677,2009-06-01,2.782,2.816,2.854,2.746,110972.66,002056
678,2009-06-02,2.818,2.912,2.982,2.816,172522.9,002056
679,2009-06-03,2.91,2.898,2.934,2.859,86627.32,002056
680,2009-06-04,2.878,2.804,2.893,2.777,101711.69,002056
681,2009-06-05,2.82,2.852,2.922,2.796,83072.65,002056
682,2009-06-08,2.854,2.869,2.895,2.789,80791.09,002056
683,2009-06-09,2.874,2.864,2.886,2.792,72379.52,002056
684,2009-06-10,2.849,2.941,2.97,2.849,144264.66,002056
685,2009-06-11,2.954,3.051,3.058,2.91,229618.9,002056
686,2009-06-12,3.043,3.036,3.165,2.942,265559.85,002056
687,2009-06-15,3.005,3.092,3.116,2.939,239731.06,002056
688,2009-06-16,3.075,3.136,3.165,3.075,233958.69,002056
689,2009-06-17,3.177,3.218,3.247,3.036,234264.07,002056
690,2009-06-18,3.344,3.126,3.344,3.116,296789.24,002056
691,2009-06-19,3.177,3.177,3.213,3.08,275869.74,002056
692,2009-06-22,3.138,3.213,3.269,3.119,207694.92,002056
693,2009-06-23,3.262,3.114,3.262,3.109,214469.06,002056
694,2009-06-24,3.169,3.036,3.196,2.98,190868.77,002056
695,2009-06-25,3.007,2.951,3.019,2.91,213345.51,002056
696,2009-06-26,2.934,2.932,2.966,2.91,76072.49,002056
697,2009-06-29,2.932,2.944,2.973,2.929,84287.84,002056
698,2009-06-30,2.961,2.842,2.961,2.837,118817.86,002056
699,2009-07-01,2.837,2.869,2.878,2.832,74865.23,002056
700,2009-07-02,2.874,2.942,2.954,2.864,93597.99,002056
701,2009-07-03,2.929,2.878,2.929,2.852,71241.69,002056
702,2009-07-06,2.886,2.845,2.886,2.813,58869.13,002056
703,2009-07-07,2.832,2.881,2.898,2.823,51594.28,002056
704,2009-07-08,2.881,2.895,2.912,2.854,48030.82,002056
705,2009-07-09,2.908,2.946,2.954,2.886,75952.52,002056
706,2009-07-10,2.956,2.949,2.978,2.92,80417.2,002056
707,2009-07-13,2.949,2.971,2.983,2.934,88316.43,002056
708,2009-07-14,2.975,2.997,2.997,2.951,81721.72,002056
709,2009-07-15,2.997,2.988,3.019,2.961,92833.4,002056
710,2009-07-16,3.002,2.912,3.005,2.908,95173.91,002056
711,2009-07-17,2.883,2.92,2.934,2.874,65480.84,002056
712,2009-07-20,2.922,3.055,3.068,2.915,158531.9,002056
713,2009-07-21,3.068,2.971,3.077,2.961,109151.61,002056
714,2009-07-22,2.978,2.988,3.036,2.966,96419.75,002056
715,2009-07-23,3.009,3.014,3.031,2.983,84252.45,002056
716,2009-07-24,3.036,2.968,3.051,2.92,92418.79,002056
717,2009-07-27,2.966,3.034,3.043,2.934,120109.48,002056
718,2009-07-28,3.043,3.111,3.138,3.019,160552.94,002056
719,2009-07-29,3.089,2.854,3.104,2.801,118584.89,002056
720,2009-07-30,2.874,2.83,2.925,2.769,70523.33,002056
721,2009-07-31,2.842,2.903,2.922,2.842,62909.22,002056
722,2009-08-03,2.915,3.026,3.051,2.915,103658.43,002056
723,2009-08-04,3.019,3.172,3.201,3.009,208791.25,002056
724,2009-08-05,3.245,3.344,3.49,3.23,381327.01,002056
725,2009-08-06,3.283,3.203,3.334,3.186,141161.87,002056
726,2009-08-07,3.203,3.092,3.298,3.063,101977.54,002056
727,2009-08-10,3.152,3.23,3.24,3.106,96300.37,002056
728,2009-08-11,3.254,3.15,3.271,3.131,65800.28,002056
729,2009-08-12,3.162,3.026,3.167,3.007,70350.65,002056
730,2009-08-13,3.031,3.039,3.077,2.98,38921.11,002056
731,2009-08-14,3.055,2.837,3.068,2.835,57326.91,002056
732,2009-08-17,2.789,2.619,2.791,2.619,63599.08,002056
733,2009-08-18,2.631,2.687,2.687,2.595,33966.76,002056
734,2009-08-19,2.687,2.469,2.704,2.427,43503.42,002056
735,2009-08-20,2.481,2.585,2.592,2.471,35300.13,002056
736,2009-08-21,2.544,2.612,2.636,2.537,36544.97,002056
737,2009-08-24,2.631,2.731,2.784,2.585,58968.51,002056
738,2009-08-25,2.701,2.675,2.714,2.546,48893.99,002056
739,2009-08-26,2.638,2.813,2.878,2.595,67819.18,002056
740,2009-08-27,2.808,2.878,2.939,2.772,64885.41,002056
741,2009-08-28,2.861,2.845,2.983,2.837,80948.31,002056
742,2009-08-31,2.813,2.629,2.813,2.614,57021.62,002056
743,2009-09-01,2.619,2.578,2.682,2.534,31601.37,002056
744,2009-09-02,2.585,2.621,2.629,2.546,29227.31,002056
745,2009-09-03,2.624,2.789,2.808,2.595,56812.97,002056
746,2009-09-04,2.764,2.825,2.886,2.764,47363.33,002056
747,2009-09-07,2.874,3.009,3.024,2.852,86250.98,002056
748,2009-09-08,2.968,2.98,3.005,2.932,56689.15,002056
749,2009-09-09,2.995,2.988,3.017,2.939,50370.36,002056
750,2009-09-10,2.961,2.973,3.051,2.958,45514.35,002056
751,2009-09-11,2.958,3.019,3.068,2.939,49508.23,002056
752,2009-09-14,3.046,3.063,3.087,2.954,81326.97,002056
753,2009-09-15,3.041,3.097,3.136,3.007,82317.61,002056
754,2009-09-16,3.104,3.097,3.143,3.031,60718.89,002056
755,2009-09-17,3.133,3.235,3.354,3.131,146218.86,002056
756,2009-09-18,3.201,3.036,3.298,2.963,90397.93,002056
757,2009-09-21,3.002,3.203,3.22,2.942,45974.88,002056
758,2009-09-22,3.196,3.099,3.24,3.085,52682.19,002056
759,2009-09-23,3.094,3.029,3.14,2.963,38376.35,002056
760,2009-09-24,2.997,2.968,3.039,2.915,29206.76,002056
761,2009-09-25,2.978,2.944,3.019,2.937,23205.9,002056
762,2009-09-28,2.958,2.803,2.99,2.755,23840.06,002056
763,2009-09-29,2.808,2.626,2.823,2.617,34890.16,002056
764,2009-09-30,2.692,2.677,2.711,2.665,26849.54,002056
765,2009-10-09,2.709,2.813,2.837,2.709,30106.33,002056
766,2009-10-12,2.82,2.82,2.859,2.789,34591.69,002056
767,2009-10-13,2.808,2.845,2.845,2.803,21445.02,002056
768,2009-10-14,2.845,2.789,2.898,2.789,45258.11,002056
769,2009-10-15,2.832,2.881,2.9,2.832,34777.97,002056
770,2009-10-16,2.881,2.861,2.903,2.806,26692.04,002056
771,2009-10-19,2.842,2.946,2.946,2.828,59896.88,002056
772,2009-10-20,2.968,2.983,3.022,2.944,61186.33,002056
773,2009-10-21,3.002,3.019,3.104,3.002,82098.44,002056
774,2009-10-22,3.019,3.184,3.252,2.973,112857.15,002056
775,2009-10-23,3.184,3.305,3.407,3.184,195769.06,002056
776,2009-10-26,3.296,3.342,3.468,3.281,141924.54,002056
777,2009-10-27,3.334,3.383,3.443,3.257,134397.06,002056
778,2009-10-28,3.342,3.317,3.342,3.233,92673.36,002056
779,2009-10-29,3.249,3.213,3.271,3.177,74713.79,002056
780,2009-10-30,3.262,3.298,3.402,3.237,90318.95,002056
781,2009-11-02,3.201,3.606,3.628,3.165,185610.38,002056
782,2009-11-03,3.601,3.613,3.708,3.565,165550.87,002056
783,2009-11-04,3.625,3.623,3.722,3.591,80343.22,002056
784,2009-11-05,3.637,3.662,3.747,3.625,90524.79,002056
785,2009-11-06,3.698,3.565,3.701,3.545,118187.53,002056
786,2009-11-09,3.54,3.594,3.608,3.514,71467.88,002056
787,2009-11-10,3.676,3.652,3.705,3.628,174983.87,002056
788,2009-11-11,3.669,3.584,3.669,3.565,67460.94,002056
789,2009-11-13,3.57,3.715,3.734,3.463,96126.92,002056
790,2009-11-16,3.759,3.827,3.856,3.698,130603.21,002056
791,2009-11-17,3.807,3.771,3.807,3.737,57449.25,002056
792,2009-11-18,3.761,3.628,3.766,3.596,119044.68,002056
793,2009-11-19,3.637,3.654,3.684,3.613,65695.14,002056
794,2009-11-20,3.637,3.64,3.693,3.604,53695.99,002056
795,2009-11-23,3.654,3.73,3.744,3.654,78921.47,002056
796,2009-11-24,3.737,3.56,3.831,3.528,116770.15,002056
797,2009-11-25,3.567,3.608,3.623,3.473,78993.3,002056
798,2009-11-26,3.589,3.351,3.601,3.346,98597.84,002056
799,2009-11-27,3.298,3.33,3.41,3.271,56533.61,002056
800,2009-11-30,3.359,3.48,3.557,3.339,69753.57,002056
801,2009-12-01,3.487,3.536,3.565,3.439,60835.79,002056
802,2009-12-02,3.565,3.698,3.73,3.533,106877.71,002056
803,2009-12-03,3.662,3.662,3.703,3.613,67735.53,002056
804,2009-12-04,3.684,3.654,3.759,3.543,112100.36,002056
805,2009-12-07,3.674,3.766,3.798,3.65,109416.18,002056
806,2009-12-08,3.776,3.734,3.839,3.662,81810.49,002056
807,2009-12-09,3.664,3.587,3.686,3.565,56777.46,002056
808,2009-12-10,3.62,3.567,3.662,3.54,35535.07,002056
809,2009-12-11,3.557,3.54,3.611,3.514,50571.35,002056
810,2009-12-14,3.54,3.473,3.553,3.385,50171.06,002056
811,2009-12-15,3.475,3.54,3.584,3.468,67610.53,002056
812,2009-12-16,3.545,3.497,3.553,3.492,28987.1,002056
813,2009-12-17,3.48,3.39,3.516,3.388,39401.96,002056
814,2009-12-18,3.366,3.264,3.39,3.262,32441.32,002056
815,2009-12-21,3.266,3.371,3.38,3.249,23569.28,002056
816,2009-12-22,3.373,3.23,3.395,3.22,23463.27,002056
817,2009-12-23,3.24,3.395,3.417,3.24,46293.7,002056
818,2009-12-24,3.39,3.465,3.48,3.361,47274.67,002056
819,2009-12-25,3.468,3.494,3.562,3.417,51130.16,002056
820,2009-12-28,3.499,3.507,3.557,3.456,38816.05,002056
821,2009-12-29,3.507,3.618,3.635,3.492,59073.57,002056
822,2009-12-30,3.611,3.589,3.611,3.536,57239.28,002056
823,2009-12-31,3.604,3.584,3.633,3.545,45622.16,002056
824,2010-01-04,3.608,3.734,3.771,3.56,90609.39,002056
825,2010-01-05,3.713,3.853,3.856,3.686,143960.94,002056
826,2010-01-06,3.848,3.696,3.848,3.688,77167.35,002056
827,2010-01-07,3.686,3.553,3.727,3.54,66035.41,002056
828,2010-01-08,3.553,3.611,3.611,3.509,50272.71,002056
829,2010-01-11,3.601,3.744,3.819,3.543,126266.63,002056
830,2010-01-12,3.734,3.844,3.965,3.725,178425.3,002056
831,2010-01-13,3.783,3.868,3.996,3.761,131949.53,002056
832,2010-01-14,3.904,3.958,3.989,3.846,102963.41,002056
833,2010-01-15,3.953,3.875,3.972,3.841,84660.93,002056
834,2010-01-18,3.914,4.038,4.045,3.892,87922.79,002056
835,2010-01-19,4.04,3.967,4.04,3.921,70347.72,002056
836,2010-01-20,3.97,3.698,3.992,3.669,99968.62,002056
837,2010-01-21,3.71,3.781,3.829,3.676,45649.28,002056
838,2010-01-22,3.715,3.633,3.756,3.543,52679.19,002056
839,2010-01-25,3.572,3.567,3.669,3.555,23636.23,002056
840,2010-01-26,3.584,3.47,3.625,3.468,38108.44,002056
841,2010-01-27,3.516,3.456,3.536,3.424,24531.26,002056
842,2010-01-28,3.446,3.516,3.545,3.446,26165.32,002056
843,2010-01-29,3.492,3.528,3.594,3.492,23724.41,002056
844,2010-02-01,3.528,3.38,3.528,3.346,34280.69,002056
845,2010-02-02,3.39,3.38,3.468,3.376,19624.75,002056
846,2010-02-03,3.431,3.388,3.431,3.196,51578.64,002056
847,2010-02-04,3.371,3.378,3.439,3.315,36673.28,002056
848,2010-02-05,3.298,3.279,3.317,3.252,34329.98,002056
849,2010-02-08,3.279,3.22,3.322,3.184,27464.84,002056
850,2010-02-09,3.206,3.288,3.291,3.203,20122.66,002056
851,2010-02-10,3.32,3.317,3.351,3.286,27984.29,002056
852,2010-02-11,3.334,3.322,3.361,3.313,17430.86,002056
853,2010-02-12,3.344,3.388,3.4,3.342,18051.68,002056
854,2010-02-22,3.371,3.414,3.465,3.356,23822.77,002056
855,2010-02-23,3.443,3.4,3.443,3.317,20318.24,002056
856,2010-02-24,3.4,3.49,3.497,3.359,42202.47,002056
857,2010-02-25,3.492,3.516,3.528,3.441,93784.0,002056
858,2010-02-26,3.492,3.468,3.502,3.446,49174.39,002056
859,2010-03-01,3.473,3.509,3.538,3.473,49536.19,002056
860,2010-03-02,3.509,3.557,3.584,3.509,60129.14,002056
861,2010-03-03,3.579,3.747,3.798,3.577,134351.86,002056
862,2010-03-04,3.749,3.686,3.909,3.657,146327.63,002056
863,2010-03-05,3.71,3.71,3.795,3.664,79879.84,002056
864,2010-03-08,3.715,3.734,3.785,3.705,43873.43,002056
865,2010-03-09,3.684,3.601,3.684,3.567,74682.02,002056
866,2010-03-10,3.601,3.587,3.65,3.57,34673.49,002056
867,2010-03-11,3.613,3.516,3.613,3.468,45992.57,002056
868,2010-03-12,3.492,3.441,3.523,3.434,28751.53,002056
869,2010-03-15,3.419,3.397,3.468,3.371,25273.28,002056
870,2010-03-16,3.397,3.468,3.477,3.393,35737.67,002056
871,2010-03-17,3.48,3.545,3.565,3.468,41460.47,002056
872,2010-03-18,3.567,3.55,3.613,3.526,48273.7,002056
873,2010-03-19,3.565,3.645,3.652,3.545,56516.69,002056
874,2010-03-22,3.662,3.669,3.698,3.596,48543.88,002056
875,2010-03-23,3.669,3.591,3.676,3.584,33752.49,002056
876,2010-03-24,3.591,3.635,3.657,3.579,29970.88,002056
877,2010-03-25,3.606,3.521,3.635,3.514,35667.02,002056
878,2010-03-26,3.519,3.744,3.819,3.519,108644.56,002056
879,2010-03-29,3.734,3.734,3.756,3.669,73329.74,002056
880,2010-03-30,3.747,3.819,3.88,3.72,95911.95,002056
881,2010-04-01,3.878,3.882,3.926,3.822,97269.7,002056
882,2010-04-02,3.856,3.921,3.982,3.851,75742.6,002056
883,2010-04-06,3.919,3.863,3.958,3.834,56390.04,002056
884,2010-04-07,3.873,3.96,3.967,3.836,65066.39,002056
885,2010-04-08,3.924,3.96,4.021,3.909,78829.9,002056
886,2010-04-09,3.975,3.962,3.989,3.895,52878.2,002056
887,2010-04-12,3.95,4.103,4.156,3.948,105466.18,002056
888,2010-04-13,4.159,4.089,4.246,3.904,138400.4,002056
889,2010-04-14,4.069,4.045,4.154,4.033,73850.69,002056
890,2010-04-15,4.05,3.907,4.086,3.858,99078.6,002056
891,2010-04-16,3.895,4.122,4.164,3.895,101209.6,002056
892,2010-04-19,4.076,3.8,4.166,3.776,122454.38,002056
893,2010-04-20,3.812,4.025,4.025,3.734,163279.45,002056
894,2010-04-21,4.03,4.183,4.236,3.996,145768.83,002056
895,2010-04-22,4.171,4.603,4.603,4.13,272915.51,002056
896,2010-04-23,4.702,4.486,4.748,4.469,216548.3,002056
897,2010-04-26,4.464,4.576,4.697,4.464,118452.09,002056
898,2010-04-27,4.53,4.411,4.53,4.219,140776.69,002056
899,2010-04-28,4.341,4.731,4.835,4.295,153898.0,002056
900,2010-04-29,4.724,4.479,4.971,4.452,178336.38,002056
901,2010-04-30,4.409,4.377,4.629,4.183,173702.86,002056
902,2010-05-04,4.219,4.578,4.607,4.183,108219.68,002056
903,2010-05-05,4.51,4.877,4.879,4.467,146193.61,002056
904,2010-05-06,4.862,4.765,4.981,4.639,177352.61,002056
905,2010-05-07,4.632,4.586,4.794,4.51,115106.3,002056
906,2010-05-10,4.607,4.171,4.68,4.127,174688.19,002056
907,2010-05-11,4.263,3.907,4.278,3.88,103022.33,002056
908,2010-05-12,3.834,3.839,3.996,3.764,107090.31,002056
909,2010-05-13,3.875,4.169,4.205,3.657,157063.05,002056
910,2010-05-14,4.086,4.21,4.316,4.04,161914.26,002056
911,2010-05-17,4.122,4.004,4.246,3.955,98489.68,002056
912,2010-05-18,3.972,4.118,4.147,3.827,113132.28,002056
913,2010-05-19,4.091,4.213,4.335,4.021,128787.3,002056
914,2010-05-20,4.12,4.094,4.237,4.067,78801.44,002056
915,2010-05-21,3.921,4.215,4.247,3.896,84920.89,002056
916,2010-05-24,4.223,4.42,4.495,4.189,100154.72,002056
917,2010-05-25,4.374,4.486,4.622,4.337,124036.13,002056
918,2010-05-26,4.478,4.444,4.554,4.374,77147.59,002056
919,2010-05-27,4.408,4.603,4.693,4.405,141660.26,002056
920,2010-05-28,4.656,4.593,4.673,4.517,111754.77,002056
921,2010-05-31,4.554,4.4,4.578,4.388,94289.57,002056
922,2010-06-01,4.359,4.322,4.515,4.14,94137.14,002056
923,2010-06-02,4.284,4.279,4.354,4.111,74551.37,002056
924,2010-06-03,4.335,4.259,4.432,4.257,90210.62,002056
925,2010-06-04,4.213,4.284,4.332,4.181,51670.51,002056
926,2010-06-07,4.184,4.413,4.43,4.167,94533.37,002056
927,2010-06-08,4.403,4.444,4.449,4.364,63741.89,002056
928,2010-06-09,4.478,4.52,4.615,4.449,95609.2,002056
929,2010-06-10,4.527,4.52,4.595,4.5,65706.81,002056
930,2010-06-11,4.532,4.622,4.688,4.427,118052.94,002056
931,2010-06-17,4.622,4.383,4.661,4.359,122138.58,002056
932,2010-06-18,4.335,4.021,4.383,3.955,127193.92,002056
933,2010-06-21,3.969,4.137,4.154,3.945,68250.56,002056
934,2010-06-22,4.162,4.145,4.208,4.14,39158.71,002056
935,2010-06-23,4.045,4.103,4.184,4.033,34258.65,002056
936,2010-06-24,4.101,4.091,4.159,4.067,30587.98,002056
937,2010-06-25,4.057,4.059,4.13,4.001,35351.49,002056
938,2010-06-28,4.03,3.94,4.091,3.899,31032.26,002056
939,2010-06-29,3.952,3.799,4.001,3.738,46746.98,002056
940,2010-06-30,3.765,3.592,3.767,3.592,38281.61,002056
941,2010-07-01,3.604,3.58,3.697,3.58,29920.93,002056
942,2010-07-02,3.592,3.56,3.604,3.375,54684.82,002056
943,2010-07-05,3.487,3.526,3.563,3.434,29428.86,002056
944,2010-07-06,3.607,3.706,3.748,3.607,69633.11,002056
945,2010-07-07,3.74,3.882,3.909,3.704,86116.5,002056
946,2010-07-08,3.882,3.804,3.896,3.765,47959.19,002056
947,2010-07-09,3.814,3.901,3.933,3.782,56342.52,002056
948,2010-07-12,3.877,3.901,3.969,3.848,64442.0,002056
949,2010-07-13,3.867,3.872,3.928,3.794,49523.82,002056
950,2010-07-14,3.894,3.872,3.955,3.855,56550.94,002056
951,2010-07-15,3.86,3.704,3.882,3.68,40628.74,002056
952,2010-07-16,3.677,3.702,3.716,3.57,50646.26,002056
953,2010-07-19,3.653,3.872,3.945,3.628,64004.84,002056
954,2010-07-20,3.884,3.979,3.994,3.855,86416.18,002056
955,2010-07-21,3.996,3.979,4.135,3.967,113227.34,002056
956,2010-07-22,3.952,4.106,4.186,3.935,112494.1,002056
957,2010-07-23,4.094,4.115,4.118,3.994,76558.24,002056
958,2010-07-26,4.527,4.254,4.527,4.249,220731.59,002056
959,2010-07-27,4.232,4.68,4.68,4.201,234790.43,002056
960,2010-07-28,4.7,4.746,4.822,4.61,289558.64,002056
961,2010-07-29,4.688,4.663,4.724,4.595,191633.66,002056
962,2010-07-30,4.644,4.6,4.739,4.534,150762.01,002056
963,2010-08-02,4.646,4.678,4.705,4.581,142948.17,002056
964,2010-08-03,4.678,4.534,4.688,4.532,142834.18,002056
965,2010-08-04,4.529,4.639,4.656,4.529,141290.76,002056
966,2010-08-05,4.654,4.595,4.771,4.559,179825.78,002056
967,2010-08-06,4.554,4.659,4.676,4.444,160900.1,002056
968,2010-08-09,4.627,4.773,4.868,4.612,176086.0,002056
969,2010-08-10,4.749,4.444,4.788,4.444,156075.95,002056
970,2010-08-11,4.437,4.517,4.561,4.437,91622.13,002056
971,2010-08-12,4.461,4.486,4.573,4.42,77283.59,002056
972,2010-08-13,4.486,4.534,4.544,4.396,76723.72,002056
973,2010-08-16,4.527,4.734,4.783,4.493,162671.44,002056
974,2010-08-17,4.751,4.87,4.965,4.685,175859.47,002056
975,2010-08-19,4.922,4.965,5.085,4.773,207871.45,002056
976,2010-08-20,4.892,4.897,4.992,4.788,142277.33,002056
977,2010-08-23,4.885,5.055,5.065,4.822,141280.18,002056
978,2010-08-24,5.143,5.119,5.345,5.092,249790.65,002056
979,2010-08-25,5.382,5.63,5.63,5.382,243288.07,002056
980,2010-08-26,5.93,5.978,6.185,5.847,516998.0,002056
981,2010-08-27,5.991,6.577,6.577,5.871,343810.0,002056
982,2010-08-30,6.916,7.235,7.235,6.836,250303.0,002056
983,2010-08-31,7.366,7.476,7.849,7.306,388166.0,002056
984,2010-09-01,7.43,7.466,7.793,7.252,368414.0,002056
985,2010-09-02,7.52,7.5,7.763,7.413,339865.0,002056
986,2010-09-03,7.415,8.109,8.25,7.306,447691.0,002056
987,2010-09-06,7.961,7.298,7.978,7.298,307602.0,002056
988,2010-09-07,7.057,7.142,7.354,6.85,371515.0,002056
989,2010-09-08,7.062,7.396,7.571,6.892,353167.0,002056
990,2010-09-09,7.306,7.155,7.357,7.013,284278.0,002056
991,2010-09-10,7.084,7.04,7.354,7.016,202429.0,002056
992,2010-09-13,7.043,7.476,7.656,6.933,287915.0,002056
993,2010-09-14,7.366,7.369,7.646,7.281,216845.0,002056
994,2010-09-15,7.354,7.04,7.493,7.001,146344.0,002056
995,2010-09-16,6.994,7.128,7.206,6.833,128094.0,002056
996,2010-09-17,7.111,7.189,7.306,6.933,120976.0,002056
997,2010-09-20,7.213,7.483,7.603,7.162,229496.0,002056
998,2010-09-21,7.427,7.44,7.739,7.301,189746.0,002056
999,2010-09-27,7.498,7.78,8.0,7.379,208459.0,002056
1000,2010-09-28,7.695,7.732,8.158,7.561,224260.0,002056
1001,2010-09-29,7.71,7.527,7.914,7.513,163005.0,002056
1002,2010-09-30,7.43,7.71,7.78,7.379,140257.0,002056
1003,2010-10-08,7.751,8.482,8.482,7.746,271864.0,002056
1004,2010-10-11,8.482,8.591,9.076,8.418,276796.0,002056
1005,2010-10-12,8.46,8.698,8.886,8.404,161731.0,002056
1006,2010-10-13,8.884,8.297,8.927,8.063,229871.0,002056
1007,2010-10-15,8.036,8.36,8.667,7.72,244345.0,002056
1008,2010-10-18,8.28,7.525,8.28,7.525,187220.0,002056
1009,2010-10-19,7.23,7.732,8.031,7.23,195293.0,002056
1010,2010-10-20,7.464,7.547,7.841,7.403,167500.0,002056
1011,2010-10-21,7.581,8.275,8.277,7.549,243169.0,002056
1012,2010-10-22,8.231,9.103,9.103,8.085,373896.0,002056
1013,2010-10-25,9.168,9.254,9.979,9.168,449826.0,002056
1014,2010-10-26,9.229,9.631,9.975,8.92,350163.0,002056
1015,2010-10-27,9.449,9.441,9.984,9.266,277752.0,002056
1016,2010-10-28,9.363,9.753,10.228,9.319,254920.0,002056
1017,2010-10-29,9.665,10.729,10.729,9.648,370437.0,002056
1018,2010-11-01,10.837,11.199,11.655,10.608,401563.0,002056
1019,2010-11-02,10.958,10.315,11.443,10.267,381556.0,002056
1020,2010-11-03,10.208,9.492,10.464,9.368,256400.0,002056
1021,2010-11-04,9.777,10.442,10.442,9.777,326768.0,002056
1022,2010-11-05,10.788,11.134,11.372,10.474,331294.0,002056
1023,2010-11-08,11.307,10.851,11.441,10.693,239142.0,002056
1024,2010-11-09,10.849,10.975,11.014,10.622,158358.0,002056
1025,2010-11-10,10.978,11.913,12.052,10.783,283046.0,002056
1026,2010-11-11,11.713,11.392,12.139,11.36,309425.0,002056
1027,2010-11-12,11.134,10.778,11.553,10.471,227593.0,002056
1028,2010-11-15,10.764,10.81,10.958,10.308,141545.0,002056
1029,2010-11-16,10.8,9.729,10.8,9.729,188340.0,002056
1030,2010-11-17,9.378,9.083,9.858,8.791,149132.0,002056
1031,2010-11-18,9.273,9.729,9.936,8.835,176847.0,002056
1032,2010-11-19,9.731,10.252,10.423,9.619,202541.0,002056
1033,2010-11-22,10.128,10.398,10.542,9.996,163691.0,002056
1034,2010-11-23,10.228,9.911,10.442,9.692,124347.0,002056
1035,2010-11-24,9.765,10.666,10.785,9.765,171107.0,002056
1036,2010-11-25,10.708,10.442,10.715,10.35,123562.0,002056
1037,2010-11-26,10.364,10.216,10.569,10.113,95696.0,002056
1038,2010-11-29,10.084,9.799,10.203,9.67,110767.0,002056
1039,2010-11-30,9.755,9.931,10.118,9.346,132007.0,002056
1040,2010-12-01,9.931,9.882,10.15,9.658,89785.0,002056
1041,2010-12-02,10.104,9.992,10.33,9.936,142096.0,002056
1042,2010-12-03,10.13,10.264,10.425,10.06,143160.0,002056
1043,2010-12-06,10.35,9.962,10.398,9.887,81894.0,002056
1044,2010-12-07,9.838,9.743,9.957,9.473,97026.0,002056
1045,2010-12-08,9.692,9.699,9.955,9.663,73536.0,002056
1046,2010-12-09,9.656,9.234,9.656,9.2,100063.0,002056
1047,2010-12-10,9.203,9.792,9.904,9.181,106834.0,002056
1048,2010-12-13,9.936,9.989,10.035,9.785,104251.0,002056
1049,2010-12-14,10.057,10.084,10.276,9.984,109801.0,002056
1050,2010-12-15,10.147,10.588,10.71,10.13,173450.0,002056
1051,2010-12-16,10.423,10.298,10.552,10.262,99102.0,002056
1052,2010-12-17,10.242,10.301,10.442,10.211,57167.0,002056
1053,2010-12-20,10.303,9.982,10.391,9.546,106849.0,002056
1054,2010-12-21,9.962,9.909,10.062,9.743,62792.0,002056
1055,2010-12-22,9.95,9.904,10.301,9.865,101168.0,002056
1056,2010-12-23,9.789,9.619,9.814,9.604,65389.0,002056
1057,2010-12-24,9.582,9.412,9.617,9.302,56348.0,002056
1058,2010-12-27,9.424,9.069,9.692,8.961,69391.0,002056
1059,2010-12-28,9.076,8.601,9.125,8.523,76509.0,002056
1060,2010-12-29,8.621,8.969,9.059,8.621,66897.0,002056
1061,2010-12-30,8.937,8.998,9.059,8.888,55670.0,002056
1062,2010-12-31,9.037,9.561,9.687,9.037,85389.0,002056
1063,2011-01-04,9.619,9.721,9.736,9.419,84172.0,002056
1064,2011-01-05,9.619,9.451,9.619,9.4,69881.0,002056
1065,2011-01-06,9.473,9.434,9.638,9.366,58487.0,002056
1066,2011-01-07,9.363,9.088,9.363,9.071,61011.0,002056
1067,2011-01-10,9.035,8.974,9.254,8.974,48930.0,002056
1068,2011-01-11,8.91,8.923,9.054,8.767,32452.0,002056
1069,2011-01-12,9.025,9.008,9.098,8.823,29336.0,002056
1070,2011-01-13,9.035,8.874,9.083,8.847,27990.0,002056
1071,2011-01-14,8.793,8.811,9.069,8.791,45637.0,002056
1072,2011-01-17,8.716,8.292,8.862,8.158,59476.0,002056
1073,2011-01-18,8.28,8.131,8.353,7.987,53394.0,002056
1074,2011-01-19,8.153,8.448,8.589,8.06,75389.0,002056
1075,2011-01-20,8.365,7.834,8.365,7.829,61138.0,002056
1076,2011-01-21,7.768,7.89,8.036,7.678,53304.0,002056
1077,2011-01-24,7.888,7.505,7.902,7.345,74579.0,002056
1078,2011-01-25,7.488,7.559,7.588,7.306,42061.0,002056
1079,2011-01-26,7.525,8.014,8.078,7.496,74039.0,002056
1080,2011-01-27,7.5,7.836,7.934,7.306,127079.0,002056
1081,2011-01-28,7.683,7.739,7.834,7.642,74054.0,002056
1082,2011-01-31,7.739,7.642,7.783,7.476,73559.0,002056
1083,2011-02-01,7.693,8.241,8.353,7.671,133332.0,002056
1084,2011-02-09,8.048,7.897,8.158,7.878,110795.0,002056
1085,2011-02-10,7.907,8.104,8.153,7.793,85800.0,002056
1086,2011-02-11,8.163,8.197,8.492,8.16,96038.0,002056
1087,2011-02-14,8.207,8.438,8.565,8.172,105443.0,002056
1088,2011-02-15,8.44,8.662,8.988,8.306,141644.0,002056
1089,2011-02-16,8.642,9.015,9.047,8.562,122619.0,002056
1090,2011-02-17,9.183,9.268,9.692,9.183,183743.0,002056
1091,2011-02-18,9.254,9.302,9.497,9.112,119986.0,002056
1092,2011-02-21,9.173,9.558,9.636,9.134,103589.0,002056
1093,2011-02-22,9.682,9.414,10.028,9.393,188458.0,002056
1094,2011-02-23,9.41,9.4,9.587,9.183,89191.0,002056
1095,2011-02-24,9.393,9.375,9.631,9.256,73644.0,002056
1096,2011-02-25,9.278,9.473,9.575,9.278,59115.0,002056
1097,2011-02-28,9.473,9.673,9.712,9.378,65057.0,002056
1098,2011-03-01,9.712,9.597,9.858,9.558,78740.0,002056
1099,2011-03-02,9.597,9.259,9.597,9.159,90629.0,002056
1100,2011-03-03,9.242,9.156,9.473,9.083,63032.0,002056
1101,2011-03-04,9.12,9.242,9.29,9.069,46035.0,002056
1102,2011-03-07,9.29,9.373,9.478,9.242,60126.0,002056
1103,2011-03-08,9.395,9.522,9.595,9.351,66156.0,002056
1104,2011-03-09,9.592,9.429,9.617,9.4,65830.0,002056
1105,2011-03-10,9.383,9.074,9.383,9.074,83937.0,002056
1106,2011-03-14,8.961,8.684,9.005,8.411,93223.0,002056
1107,2011-03-15,8.645,8.789,8.849,8.523,79650.0,002056
1108,2011-03-16,8.789,9.327,9.463,8.767,128809.0,002056
1109,2011-03-17,9.171,9.38,9.619,9.083,125392.0,002056
1110,2011-03-18,9.473,9.495,9.546,9.229,108690.0,002056
1111,2011-03-21,9.468,9.429,9.57,9.156,84865.0,002056
1112,2011-03-22,9.429,9.427,9.6,9.244,75706.0,002056
1113,2011-03-23,9.429,9.337,9.468,9.285,56409.0,002056
1114,2011-03-24,9.4,9.346,9.558,9.344,74251.0,002056
1115,2011-03-25,9.366,9.4,9.561,9.254,82623.0,002056
1116,2011-03-28,9.424,9.492,9.551,9.302,103957.0,002056
1117,2011-03-29,9.497,9.638,9.977,9.449,190665.0,002056
1118,2011-03-30,9.648,9.692,9.824,9.517,120670.0,002056
1119,2011-03-31,9.741,9.018,9.789,8.961,129722.0,002056
1120,2011-04-01,9.037,8.815,9.11,8.543,114366.0,002056
1121,2011-04-06,8.706,9.01,9.125,8.664,68307.0,002056
1122,2011-04-07,8.986,8.767,8.986,8.74,61475.0,002056
1123,2011-04-08,8.767,8.83,8.983,8.767,51430.0,002056
1124,2011-04-11,8.815,8.696,8.888,8.572,89133.0,002056
1125,2011-04-12,8.718,8.533,8.737,8.462,71471.0,002056
1126,2011-04-13,8.518,8.487,8.518,8.28,57958.0,002056
1127,2011-04-14,8.494,8.53,8.618,8.489,43018.0,002056
1128,2011-04-15,8.443,8.328,8.47,8.28,59445.0,002056
1129,2011-04-18,8.28,8.155,8.394,8.153,51962.0,002056
1130,2011-04-19,8.141,7.914,8.141,7.795,52630.0,002056
1131,2011-04-20,8.024,8.097,8.153,7.941,34655.0,002056
1132,2011-04-21,8.182,8.25,8.272,8.182,37799.0,002056
1133,2011-04-22,8.255,8.138,8.277,8.114,25442.0,002056
1134,2011-04-25,8.097,7.812,8.131,7.812,33798.0,002056
1135,2011-04-26,7.793,7.734,7.936,7.724,29359.0,002056
1136,2011-04-27,7.793,7.566,7.841,7.496,29932.0,002056
1137,2011-04-28,7.625,7.405,7.659,7.403,24987.0,002056
1138,2011-04-29,7.452,7.59,7.615,7.405,31133.0,002056
1139,2011-05-03,7.593,7.629,7.656,7.552,21385.0,002056
1140,2011-05-04,7.829,7.995,8.377,7.829,138782.0,002056
1141,2011-05-05,7.793,7.707,7.853,7.569,66006.0,002056
1142,2011-05-06,7.576,7.781,7.93,7.42,51238.0,002056
1143,2011-05-09,7.796,7.774,7.908,7.772,35031.0,002056
1144,2011-05-10,7.781,7.925,7.977,7.781,44046.0,002056
1145,2011-05-11,7.884,7.745,7.901,7.691,38423.0,002056
1146,2011-05-12,7.689,7.486,7.689,7.486,40559.0,002056
1147,2011-05-13,7.444,7.596,7.596,7.422,24845.0,002056
1148,2011-05-16,7.664,7.598,7.725,7.574,24711.0,002056
1149,2011-05-17,7.566,7.574,7.667,7.437,37047.0,002056
1150,2011-05-18,7.579,7.635,7.811,7.562,51245.0,002056
1151,2011-05-19,7.628,7.535,7.681,7.523,31352.0,002056
1152,2011-05-20,7.637,7.628,7.769,7.579,47224.0,002056
1153,2011-05-23,7.581,7.276,7.591,7.249,50902.0,002056
1154,2011-05-24,7.215,7.413,7.559,6.834,62296.0,002056
1155,2011-05-25,7.274,7.076,7.413,7.049,43261.0,002056
1156,2011-05-26,7.127,6.917,7.261,6.883,41915.0,002056
1157,2011-05-27,6.861,6.485,6.886,6.429,60485.0,002056
1158,2011-05-30,6.346,6.3,6.449,6.295,33129.0,002056
1159,2011-05-31,6.368,6.422,6.451,6.297,38003.0,002056
1160,2011-06-01,6.453,6.541,6.632,6.419,45285.0,002056
1161,2011-06-02,6.444,6.561,6.627,6.363,55740.0,002056
1162,2011-06-03,6.58,6.646,6.676,6.517,61754.0,002056
1163,2011-06-07,6.827,6.798,6.89,6.7,70391.0,002056
1164,2011-06-08,6.8,6.805,6.883,6.715,42222.0,002056
1165,2011-06-09,6.754,6.495,6.81,6.495,44995.0,002056
1166,2011-06-13,6.361,6.495,6.546,6.322,27947.0,002056
1167,2011-06-14,6.541,6.605,6.656,6.466,33418.0,002056
1168,2011-06-15,6.598,6.432,6.637,6.432,30796.0,002056
1169,2011-06-16,6.368,6.598,6.732,6.329,68476.0,002056
1170,2011-06-17,6.58,6.253,6.58,6.244,47081.0,002056
1171,2011-06-20,6.214,5.926,6.214,5.838,59349.0,002056
1172,2011-06-21,5.882,5.919,5.98,5.782,34072.0,002056
1173,2011-06-22,5.956,5.96,6.036,5.858,35875.0,002056
1174,2011-06-23,5.948,6.075,6.085,5.819,48296.0,002056
1175,2011-06-24,6.021,6.683,6.683,6.002,130691.0,002056
1176,2011-06-27,6.815,6.724,6.832,6.627,129263.0,002056
1177,2011-06-28,6.683,6.807,6.951,6.627,125073.0,002056
1178,2011-06-29,6.724,6.59,6.798,6.59,76067.0,002056
1179,2011-06-30,6.588,6.7,6.761,6.568,50293.0,002056
1180,2011-07-01,6.702,6.737,6.876,6.702,66020.0,002056
1181,2011-07-04,6.834,7.051,7.244,6.834,111620.0,002056
1182,2011-07-05,7.051,7.027,7.103,6.915,75223.0,002056
1183,2011-07-06,6.805,6.805,6.842,6.61,121484.0,002056
1184,2011-07-07,6.746,6.842,6.927,6.676,90744.0,002056
1185,2011-07-08,6.81,6.751,6.832,6.715,36685.0,002056
1186,2011-07-11,6.72,6.907,6.966,6.644,74373.0,002056
1187,2011-07-12,6.834,7.066,7.164,6.785,134730.0,002056
1188,2011-07-13,7.069,7.542,7.701,6.971,164562.0,002056
1189,2011-07-14,7.559,7.518,7.825,7.383,142000.0,002056
1190,2011-07-15,7.527,7.469,7.61,7.391,66003.0,002056
1191,2011-07-18,7.469,7.452,7.752,7.42,81740.0,002056
1192,2011-07-19,7.386,7.217,7.386,7.188,55770.0,002056
1193,2011-07-20,7.291,7.298,7.371,7.144,47052.0,002056
1194,2011-07-21,7.3,6.99,7.322,6.961,51471.0,002056
1195,2011-07-22,7.0,6.966,7.076,6.956,23491.0,002056
1196,2011-07-25,6.971,6.634,6.988,6.612,44167.0,002056
1197,2011-07-26,6.59,6.751,6.829,6.554,43664.0,002056
1198,2011-07-27,6.688,6.827,6.903,6.59,40442.0,002056
1199,2011-07-28,6.749,6.7,6.785,6.644,28117.0,002056
1200,2011-07-29,6.7,6.615,6.761,6.615,31411.0,002056
1201,2011-08-01,6.585,6.712,6.788,6.541,23600.0,002056
1202,2011-08-02,6.688,6.59,6.688,6.473,28820.0,002056
1203,2011-08-03,6.505,6.546,6.639,6.483,19688.0,002056
1204,2011-08-04,6.568,6.641,6.761,6.568,30419.0,002056
1205,2011-08-05,6.576,6.922,7.13,6.468,137368.0,002056
1206,2011-08-08,6.763,6.371,6.768,6.248,87119.0,002056
1207,2011-08-09,6.102,6.412,6.534,5.809,74058.0,002056
1208,2011-08-10,6.576,6.522,6.639,6.468,60710.0,002056
1209,2011-08-11,6.341,6.785,6.807,6.285,82884.0,002056
1210,2011-08-12,6.834,6.812,6.981,6.783,67892.0,002056
1211,2011-08-15,6.785,6.969,7.027,6.761,61509.0,002056
1212,2011-08-16,7.008,6.878,7.113,6.859,59027.0,002056
1213,2011-08-17,6.871,6.712,6.92,6.705,40618.0,002056
1214,2011-08-18,6.715,6.776,7.017,6.715,65422.0,002056
1215,2011-08-19,6.593,6.578,6.668,6.471,38499.0,002056
1216,2011-08-22,6.59,6.346,6.639,6.334,35204.0,002056
1217,2011-08-23,6.432,6.534,6.58,6.371,32801.0,002056
1218,2011-08-24,6.593,6.61,6.827,6.576,50311.0,002056
1219,2011-08-25,6.651,6.724,6.756,6.556,38513.0,002056
1220,2011-08-29,6.737,6.671,6.81,6.666,42174.0,002056
1221,2011-08-30,6.749,6.527,6.766,6.517,31510.0,002056
1222,2011-08-31,6.475,6.434,6.588,6.383,24192.0,002056
1223,2011-09-01,6.49,6.385,6.529,6.351,17439.0,002056
1224,2011-09-02,6.402,6.493,6.68,6.395,42767.0,002056
1225,2011-09-05,6.346,6.209,6.371,6.197,28428.0,002056
1226,2011-09-06,6.126,6.207,6.288,6.102,16172.0,002056
1227,2011-09-07,6.292,6.4,6.402,6.2,33475.0,002056
1228,2011-09-08,6.468,6.3,6.507,6.3,33089.0,002056
1229,2011-09-09,6.297,6.322,6.505,6.283,22979.0,002056
1230,2011-09-13,6.202,6.087,6.209,6.053,23531.0,002056
1231,2011-09-14,6.114,6.161,6.183,5.956,20208.0,002056
1232,2011-09-15,6.173,6.136,6.258,6.126,21391.0,002056
1233,2011-09-16,6.18,6.026,6.246,6.009,29057.0,002056
1234,2011-09-19,6.0,5.792,6.0,5.785,28545.0,002056
1235,2011-09-20,5.76,5.848,5.873,5.736,18221.0,002056
1236,2011-09-21,5.834,6.065,6.124,5.751,44963.0,002056
1237,2011-09-22,5.995,5.765,6.017,5.765,37863.0,002056
1238,2011-09-23,5.638,5.677,5.736,5.57,26737.0,002056
1239,2011-09-26,5.68,5.528,5.751,5.509,27114.0,002056
1240,2011-09-27,5.602,5.619,5.758,5.572,25944.0,002056
1241,2011-09-28,5.668,5.543,5.726,5.521,19933.0,002056
1242,2011-09-29,5.467,5.187,5.492,5.131,38527.0,002056
1243,2011-09-30,5.223,5.211,5.316,5.128,16814.0,002056
1244,2011-10-10,5.272,5.167,5.314,5.148,13805.0,002056
1245,2011-10-11,5.345,5.16,5.404,5.052,27860.0,002056
1246,2011-10-12,5.109,5.345,5.362,5.028,40082.0,002056
1247,2011-10-13,5.316,5.404,5.504,5.294,37586.0,002056
1248,2011-10-14,5.365,5.619,5.682,5.333,61321.0,002056
1249,2011-10-17,5.589,5.538,5.638,5.47,49488.0,002056
1250,2011-10-18,5.487,5.209,5.506,5.206,37141.0,002056
1251,2011-10-19,5.214,5.157,5.272,5.077,26426.0,002056
1252,2011-10-20,5.133,5.016,5.133,4.894,32478.0,002056
1253,2011-10-21,4.991,4.679,4.991,4.677,31300.0,002056
1254,2011-10-24,4.711,4.725,4.757,4.491,28741.0,002056
1255,2011-10-25,4.728,4.913,4.957,4.694,39501.0,002056
1256,2011-10-26,4.852,4.906,4.989,4.828,39726.0,002056
1257,2011-10-27,4.899,4.847,4.987,4.83,30175.0,002056
1258,2011-10-28,4.923,4.994,5.028,4.911,40985.0,002056
1259,2011-10-31,5.001,5.223,5.328,4.967,78857.0,002056
1260,2011-11-01,5.126,5.184,5.27,5.062,64839.0,002056
1261,2011-11-02,5.072,5.182,5.187,4.882,52521.0,002056
1262,2011-11-03,5.218,5.24,5.394,5.218,84166.0,002056
1263,2011-11-04,5.255,5.362,5.443,5.253,69392.0,002056
1264,2011-11-07,5.37,5.262,5.384,5.24,39884.0,002056
1265,2011-11-08,5.275,5.162,5.326,5.153,35873.0,002056
1266,2011-11-09,5.162,5.331,5.362,5.155,40286.0,002056
1267,2011-11-10,5.272,5.199,5.297,5.182,34814.0,002056
1268,2011-11-11,5.201,5.343,5.497,5.153,70955.0,002056
1269,2011-11-14,5.392,5.506,5.536,5.345,74997.0,002056
1270,2011-11-15,5.47,5.528,5.699,5.463,79819.0,002056
1271,2011-11-16,5.536,5.37,5.577,5.338,55102.0,002056
1272,2011-11-17,5.392,5.304,5.428,5.297,32678.0,002056
1273,2011-11-18,5.25,5.011,5.284,5.004,44383.0,002056
1274,2011-11-21,4.967,4.989,5.082,4.921,22074.0,002056
1275,2011-11-22,4.95,4.916,4.95,4.789,32691.0,002056
1276,2011-11-23,4.906,4.882,4.974,4.833,27291.0,002056
1277,2011-11-24,4.784,4.847,4.926,4.747,24300.0,002056
1278,2011-11-25,4.838,4.808,4.926,4.794,19841.0,002056
1279,2011-11-28,4.818,4.791,4.877,4.747,17382.0,002056
1280,2011-11-29,4.852,4.93,4.93,4.816,26050.0,002056
1281,2011-11-30,4.923,4.738,4.926,4.552,34186.0,002056
1282,2011-12-01,4.869,4.835,4.923,4.786,31371.0,002056
1283,2011-12-02,4.833,4.66,4.833,4.65,19179.0,002056
1284,2011-12-05,4.655,4.413,4.667,4.401,22481.0,002056
1285,2011-12-06,4.418,4.391,4.476,4.347,16181.0,002056
1286,2011-12-07,4.408,4.415,4.442,4.381,11149.0,002056
1287,2011-12-08,4.413,4.445,4.523,4.274,23414.0,002056
1288,2011-12-09,4.367,4.408,4.459,4.347,11250.0,002056
1289,2011-12-12,4.369,4.332,4.445,4.323,10631.0,002056
1290,2011-12-13,4.332,4.162,4.332,4.14,16851.0,002056
1291,2011-12-14,4.049,4.003,4.098,4.001,14608.0,002056
1292,2011-12-15,3.905,3.805,3.905,3.744,23627.0,002056
1293,2011-12-16,3.759,3.92,3.93,3.749,22510.0,002056
1294,2011-12-19,3.905,3.969,3.991,3.803,22714.0,002056
1295,2011-12-20,4.027,3.964,4.076,3.964,29061.0,002056
1296,2011-12-21,4.027,3.778,4.027,3.764,23693.0,002056
1297,2011-12-22,3.732,3.691,3.832,3.539,24720.0,002056
1298,2011-12-23,3.691,3.715,3.769,3.625,21103.0,002056
1299,2011-12-26,3.715,3.722,3.803,3.688,18795.0,002056
1300,2011-12-27,3.686,3.588,3.722,3.573,17195.0,002056
1301,2011-12-29,3.647,3.62,3.708,3.6,21893.0,002056
1302,2011-12-30,3.588,3.869,3.9,3.588,58672.0,002056
1303,2012-01-04,3.9,3.742,3.93,3.73,37730.0,002056
1304,2012-01-05,3.698,3.625,3.747,3.588,39046.0,002056
1305,2012-01-06,3.612,3.803,3.849,3.551,42547.0,002056
1306,2012-01-09,3.837,4.005,4.015,3.734,58768.0,002056
1307,2012-01-10,3.974,4.137,4.166,3.957,69625.0,002056
1308,2012-01-11,4.11,4.213,4.332,4.064,66886.0,002056
1309,2012-01-12,4.176,4.52,4.635,4.149,163435.0,002056
1310,2012-01-13,4.437,4.362,4.552,4.242,118675.0,002056
1311,2012-01-16,4.237,3.925,4.269,3.925,64267.0,002056
1312,2012-01-17,3.908,4.313,4.315,3.893,89835.0,002056
1313,2012-01-18,4.32,4.162,4.552,4.149,99931.0,002056
1314,2012-01-19,4.125,4.235,4.308,4.059,48093.0,002056
1315,2012-01-20,4.232,4.196,4.264,4.113,39984.0,002056
1316,2012-01-30,4.213,4.203,4.257,4.142,39029.0,002056
1317,2012-01-31,4.137,4.249,4.291,4.035,63068.0,002056
1318,2012-02-01,4.152,4.101,4.245,4.071,46129.0,002056
1319,2012-02-02,4.147,4.184,4.193,4.049,40032.0,002056
1320,2012-02-03,4.174,4.267,4.315,4.162,59043.0,002056
1321,2012-02-06,4.274,4.345,4.393,4.274,56789.0,002056
1322,2012-02-07,4.315,4.223,4.33,4.164,45892.0,002056
1323,2012-02-08,4.21,4.42,4.469,4.166,75853.0,002056
1324,2012-02-09,4.401,4.537,4.721,4.376,113791.0,002056
1325,2012-02-10,4.511,4.486,4.574,4.423,59580.0,002056
1326,2012-02-13,4.442,4.586,4.633,4.374,65732.0,002056
1327,2012-02-14,4.581,4.516,4.581,4.472,44598.0,002056
1328,2012-02-15,4.501,4.674,4.728,4.474,80853.0,002056
1329,2012-02-16,4.669,4.596,4.681,4.533,53509.0,002056
1330,2012-02-17,4.608,4.547,4.677,4.518,38875.0,002056
1331,2012-02-20,4.625,4.542,4.657,4.542,41178.0,002056
1332,2012-02-21,4.54,4.577,4.579,4.447,36161.0,002056
1333,2012-02-22,4.589,4.686,4.723,4.555,72767.0,002056
1334,2012-02-23,4.701,4.74,4.926,4.694,99125.0,002056
1335,2012-02-24,4.735,4.74,4.76,4.667,60466.0,002056
1336,2012-02-27,4.782,4.752,4.882,4.73,81912.0,002056
1337,2012-02-28,4.711,4.679,4.723,4.564,64713.0,002056
1338,2012-02-29,4.628,4.616,4.747,4.569,45847.0,002056
1339,2012-03-01,4.589,4.633,4.686,4.579,30317.0,002056
1340,2012-03-02,4.657,4.711,4.725,4.655,38752.0,002056
1341,2012-03-05,4.747,4.689,4.784,4.686,42725.0,002056
1342,2012-03-06,4.684,4.577,4.684,4.564,37767.0,002056
1343,2012-03-07,4.472,4.44,4.547,4.415,42901.0,002056
1344,2012-03-08,4.467,4.584,4.681,4.467,66293.0,002056
1345,2012-03-09,4.635,4.686,4.713,4.564,64189.0,002056
1346,2012-03-12,4.701,4.723,4.801,4.677,76655.0,002056
1347,2012-03-13,4.711,4.745,4.755,4.657,46646.0,002056
1348,2012-03-14,4.779,5.218,5.218,4.779,368912.0,002056
1349,2012-03-15,5.172,5.128,5.243,4.991,221505.0,002056
1350,2012-03-16,5.028,5.214,5.297,4.969,224124.0,002056
1351,2012-03-19,5.128,5.311,5.423,5.101,195193.0,002056
1352,2012-03-20,5.25,5.07,5.294,5.057,126817.0,002056
1353,2012-03-21,5.07,5.126,5.238,4.979,104304.0,002056
1354,2012-03-22,5.111,4.972,5.111,4.901,87971.0,002056
1355,2012-03-23,4.911,4.821,4.969,4.808,62497.0,002056
1356,2012-03-26,4.804,4.779,4.926,4.694,61335.0,002056
1357,2012-03-27,4.816,4.823,4.921,4.779,53757.0,002056
1358,2012-03-28,4.791,4.437,4.791,4.42,76510.0,002056
1359,2012-03-29,4.433,4.198,4.433,4.101,65552.0,002056
1360,2012-03-30,4.198,4.105,4.247,4.03,44912.0,002056
1361,2012-04-05,4.105,4.269,4.279,4.105,43256.0,002056
1362,2012-04-09,4.284,4.162,4.337,4.157,42469.0,002056
1363,2012-04-10,4.145,4.184,4.188,3.966,44007.0,002056
1364,2012-04-11,4.125,4.23,4.232,4.083,46017.0,002056
1365,2012-04-12,4.247,4.323,4.335,4.196,50634.0,002056
1366,2012-04-13,4.367,4.374,4.489,4.296,86373.0,002056
1367,2012-04-16,4.33,4.293,4.369,4.274,45468.0,002056
1368,2012-04-17,4.328,4.303,4.381,4.293,45658.0,002056
1369,2012-04-18,4.31,4.398,4.418,4.279,58724.0,002056
1370,2012-04-19,4.418,4.35,4.447,4.31,54823.0,002056
1371,2012-04-20,4.364,4.354,4.393,4.284,54507.0,002056
1372,2012-04-23,4.384,4.076,4.384,4.027,80834.0,002056
1373,2012-04-24,4.076,4.013,4.14,3.832,60257.0,002056
1374,2012-04-25,3.979,4.044,4.076,3.974,40061.0,002056
1375,2012-04-26,4.079,4.071,4.12,4.042,39069.0,002056
1376,2012-04-27,4.071,4.086,4.145,4.057,37443.0,002056
1377,2012-05-02,4.174,4.235,4.289,4.125,66993.0,002056
1378,2012-05-03,4.23,4.247,4.32,4.213,39075.0,002056
1379,2012-05-04,4.267,4.337,4.364,4.249,56913.0,002056
1380,2012-05-07,4.359,4.384,4.442,4.296,70376.0,002056
1381,2012-05-08,4.384,4.396,4.442,4.301,60957.0,002056
1382,2012-05-09,4.357,4.247,4.357,4.247,57162.0,002056
1383,2012-05-10,4.249,4.423,4.428,4.249,86450.0,002056
1384,2012-05-11,4.411,4.481,4.711,4.393,172932.0,002056
1385,2012-05-14,4.503,4.342,4.511,4.325,80367.0,002056
1386,2012-05-15,4.254,4.32,4.33,4.115,60052.0,002056
1387,2012-05-16,4.31,4.176,4.32,4.174,38637.0,002056
1388,2012-05-17,4.235,4.252,4.286,4.188,35215.0,002056
1389,2012-05-18,4.201,4.206,4.352,4.152,59997.0,002056
1390,2012-05-21,4.21,4.406,4.481,4.206,110826.0,002056
1391,2012-05-22,4.415,4.408,4.44,4.332,59592.0,002056
1392,2012-05-23,4.418,4.408,4.525,4.357,75242.0,002056
1393,2012-05-24,4.399,4.56,4.641,4.352,153903.0,002056
1394,2012-05-25,4.55,4.682,4.951,4.499,178663.0,002056
1395,2012-05-28,4.672,4.619,4.672,4.35,103915.0,002056
1396,2012-05-29,4.558,4.785,4.839,4.509,144415.0,002056
1397,2012-05-30,4.77,4.731,4.773,4.682,74993.0,002056
1398,2012-05-31,4.709,4.648,4.824,4.643,77793.0,002056
1399,2012-06-01,4.638,4.685,4.763,4.638,73814.0,002056
1400,2012-06-04,4.589,4.521,4.724,4.521,76787.0,002056
1401,2012-06-05,4.499,4.379,4.594,4.374,67522.0,002056
1402,2012-06-06,4.399,4.409,4.465,4.357,43534.0,002056
1403,2012-06-07,4.484,4.325,4.489,4.313,40317.0,002056
1404,2012-06-08,4.379,4.289,4.406,4.272,35313.0,002056
1405,2012-06-11,4.316,4.45,4.457,4.281,38814.0,002056
1406,2012-06-12,4.426,4.384,4.46,4.382,32194.0,002056
1407,2012-06-13,4.406,4.492,4.518,4.404,45857.0,002056
1408,2012-06-14,4.494,4.455,4.558,4.45,46157.0,002056
1409,2012-06-15,4.472,4.389,4.528,4.325,41282.0,002056
1410,2012-06-18,4.406,4.406,4.47,4.394,31786.0,002056
1411,2012-06-19,4.423,4.289,4.423,4.267,50667.0,002056
1412,2012-06-20,4.34,4.296,4.362,4.252,31379.0,002056
1413,2012-06-21,4.299,4.203,4.313,4.203,30749.0,002056
1414,2012-06-25,4.203,3.966,4.203,3.961,40367.0,002056
1415,2012-06-26,3.954,3.956,3.983,3.837,33606.0,002056
1416,2012-06-27,3.959,3.898,4.02,3.886,24659.0,002056
1417,2012-06-28,3.954,3.844,3.954,3.842,21167.0,002056
1418,2012-06-29,3.824,3.89,3.925,3.751,29750.0,002056
1419,2012-07-02,3.944,3.959,3.993,3.925,31729.0,002056
1420,2012-07-03,3.978,3.956,4.027,3.934,22542.0,002056
1421,2012-07-04,3.996,3.942,4.008,3.925,20725.0,002056
1422,2012-07-05,3.942,3.746,3.942,3.746,38058.0,002056
1423,2012-07-06,3.812,3.883,3.898,3.671,33973.0,002056
1424,2012-07-09,3.856,3.766,3.927,3.761,27635.0,002056
1425,2012-07-10,3.751,3.766,3.812,3.734,18052.0,002056
1426,2012-07-11,3.766,3.807,3.812,3.746,17281.0,002056
1427,2012-07-12,3.824,3.922,3.954,3.751,37050.0,002056
1428,2012-07-13,3.861,3.893,3.964,3.861,23399.0,002056
1429,2012-07-16,3.895,3.766,3.947,3.763,26905.0,002056
1430,2012-07-17,3.739,3.802,3.824,3.734,14198.0,002056
1431,2012-07-18,3.82,3.834,3.837,3.736,15435.0,002056
1432,2012-07-19,3.849,3.886,3.917,3.82,26866.0,002056
1433,2012-07-20,3.888,3.849,3.908,3.839,14205.0,002056
1434,2012-07-23,3.832,3.741,3.849,3.715,20600.0,002056
1435,2012-07-24,3.734,3.763,3.802,3.712,12753.0,002056
1436,2012-07-25,3.751,3.69,3.778,3.688,14666.0,002056
1437,2012-07-26,3.695,3.71,3.754,3.695,13096.0,002056
1438,2012-07-27,3.739,3.644,3.739,3.639,17367.0,002056
1439,2012-07-30,3.641,3.536,3.685,3.524,15984.0,002056
1440,2012-07-31,3.536,3.358,3.561,3.348,25881.0,002056
1441,2012-08-01,3.372,3.455,3.477,3.36,16120.0,002056
1442,2012-08-02,3.455,3.416,3.475,3.399,13325.0,002056
1443,2012-08-03,3.424,3.497,3.509,3.416,15086.0,002056
1444,2012-08-06,3.487,3.656,3.675,3.451,34367.0,002056
1445,2012-08-07,3.656,3.702,3.788,3.624,44972.0,002056
1446,2012-08-08,3.69,3.649,3.78,3.646,33527.0,002056
1447,2012-08-09,3.651,3.707,3.732,3.612,22040.0,002056
1448,2012-08-10,3.715,3.732,3.8,3.629,37799.0,002056
1449,2012-08-13,3.688,3.607,3.715,3.587,21866.0,002056
1450,2012-08-14,3.605,3.627,3.631,3.473,25312.0,002056
1451,2012-08-15,3.597,3.556,3.614,3.543,14599.0,002056
1452,2012-08-16,3.543,3.561,3.607,3.521,9759.0,002056
1453,2012-08-17,3.551,3.573,3.59,3.543,9739.0,002056
1454,2012-08-20,3.543,3.536,3.573,3.446,11292.0,002056
1455,2012-08-21,3.57,3.592,3.631,3.514,15827.0,002056
1456,2012-08-22,3.587,3.548,3.614,3.539,14462.0,002056
1457,2012-08-23,3.568,3.627,3.653,3.568,23081.0,002056
1458,2012-08-24,3.597,3.602,3.702,3.597,29248.0,002056
1459,2012-08-27,3.546,3.38,3.568,3.372,29627.0,002056
1460,2012-08-28,3.353,3.382,3.443,3.341,17496.0,002056
1461,2012-08-29,3.36,3.363,3.419,3.346,14885.0,002056
1462,2012-08-30,3.365,3.453,3.617,3.365,34177.0,002056
1463,2012-08-31,3.426,3.477,3.531,3.421,17482.0,002056
1464,2012-09-03,3.446,3.49,3.529,3.421,21970.0,002056
1465,2012-09-04,3.534,3.465,3.543,3.458,18441.0,002056
1466,2012-09-05,3.465,3.446,3.495,3.397,22559.0,002056
1467,2012-09-06,3.446,3.499,3.507,3.421,24112.0,002056
1468,2012-09-07,3.517,3.656,3.715,3.512,67778.0,002056
1469,2012-09-10,3.685,3.663,3.69,3.617,47335.0,002056
1470,2012-09-11,3.646,3.656,3.656,3.617,27457.0,002056
1471,2012-09-12,3.715,3.71,3.785,3.663,50929.0,002056
1472,2012-09-13,3.688,3.622,3.776,3.619,30109.0,002056
1473,2012-09-14,3.678,3.663,3.727,3.619,36797.0,002056
1474,2012-09-17,3.663,3.536,3.678,3.531,26313.0,002056
1475,2012-09-18,3.507,3.436,3.517,3.421,25424.0,002056
1476,2012-09-19,3.451,3.475,3.485,3.429,17517.0,002056
1477,2012-09-20,3.46,3.302,3.46,3.294,35266.0,002056
1478,2012-09-21,3.302,3.321,3.37,3.292,16077.0,002056
1479,2012-09-24,3.324,3.419,3.433,3.292,24331.0,002056
1480,2012-09-25,3.397,3.355,3.416,3.341,13852.0,002056
1481,2012-09-26,3.38,3.28,3.402,3.27,13699.0,002056
1482,2012-09-27,3.299,3.382,3.392,3.267,21439.0,002056
1483,2012-09-28,3.375,3.421,3.441,3.326,21764.0,002056
1484,2012-10-08,3.426,3.385,3.443,3.372,14093.0,002056
1485,2012-10-09,3.387,3.465,3.477,3.387,20674.0,002056
1486,2012-10-10,3.465,3.485,3.495,3.429,20847.0,002056
1487,2012-10-11,3.465,3.465,3.539,3.446,32663.0,002056
1488,2012-10-12,3.465,3.441,3.504,3.421,23122.0,002056
1489,2012-10-15,3.433,3.348,3.441,3.297,31383.0,002056
1490,2012-10-16,3.35,3.321,3.387,3.311,20234.0,002056
1491,2012-10-17,3.346,3.35,3.367,3.321,12498.0,002056
1492,2012-10-18,3.365,3.394,3.409,3.355,22281.0,002056
1493,2012-10-19,3.409,3.411,3.441,3.392,20284.0,002056
1494,2012-10-22,3.372,3.424,3.426,3.36,12322.0,002056
1495,2012-10-23,3.421,3.355,3.436,3.35,19436.0,002056
1496,2012-10-24,3.343,3.321,3.365,3.309,16057.0,002056
1497,2012-10-25,3.324,3.311,3.385,3.309,15319.0,002056
1498,2012-10-26,3.324,3.341,3.409,3.287,36581.0,002056
1499,2012-10-29,3.358,3.375,3.392,3.326,20638.0,002056
1500,2012-10-30,3.394,3.355,3.397,3.343,19231.0,002056
1501,2012-10-31,3.336,3.333,3.363,3.27,22380.0,002056
1502,2012-11-01,3.314,3.446,3.475,3.292,58941.0,002056
1503,2012-11-02,3.421,3.424,3.455,3.392,27262.0,002056
1504,2012-11-05,3.424,3.372,3.431,3.36,22739.0,002056
1505,2012-11-06,3.377,3.372,3.397,3.302,25874.0,002056
1506,2012-11-07,3.372,3.443,3.46,3.336,46114.0,002056
1507,2012-11-08,3.404,3.348,3.431,3.348,24742.0,002056
1508,2012-11-09,3.336,3.297,3.372,3.297,18176.0,002056
1509,2012-11-12,3.311,3.336,3.336,3.282,17082.0,002056
1510,2012-11-13,3.338,3.245,3.35,3.221,24850.0,002056
1511,2012-11-14,3.243,3.28,3.287,3.201,18494.0,002056
1512,2012-11-15,3.25,3.16,3.262,3.155,16436.0,002056
1513,2012-11-16,3.16,3.113,3.162,3.096,13444.0,002056
1514,2012-11-19,3.072,3.074,3.126,2.998,23540.0,002056
1515,2012-11-20,3.104,3.003,3.123,2.989,24370.0,002056
1516,2012-11-21,2.969,3.018,3.02,2.898,21286.0,002056
1517,2012-11-22,3.001,2.952,3.003,2.935,13337.0,002056
1518,2012-11-23,2.937,2.964,3.006,2.937,18514.0,002056
1519,2012-11-26,2.969,2.933,2.979,2.933,13002.0,002056
1520,2012-11-27,2.884,2.725,2.93,2.717,31423.0,002056
1521,2012-11-28,2.72,2.642,2.72,2.629,21404.0,002056
1522,2012-11-29,2.642,2.598,2.683,2.581,16727.0,002056
1523,2012-11-30,2.603,2.627,2.644,2.588,17200.0,002056
1524,2012-12-03,2.625,2.429,2.647,2.414,29352.0,002056
1525,2012-12-04,2.422,2.5,2.515,2.395,27309.0,002056
1526,2012-12-05,2.5,2.649,2.698,2.471,41916.0,002056
1527,2012-12-06,2.639,2.632,2.669,2.603,21969.0,002056
1528,2012-12-07,2.637,2.708,2.747,2.605,41014.0,002056
1529,2012-12-10,2.737,2.83,2.879,2.713,62397.0,002056
1530,2012-12-11,2.805,2.781,2.83,2.764,34441.0,002056
1531,2012-12-12,2.781,2.757,2.801,2.708,28156.0,002056
1532,2012-12-13,2.747,2.739,2.847,2.722,36468.0,002056
1533,2012-12-14,2.715,2.879,2.908,2.715,56169.0,002056
1534,2012-12-17,2.886,2.957,3.03,2.862,58675.0,002056
1535,2012-12-18,2.95,3.064,3.148,2.898,94265.0,002056
1536,2012-12-19,3.03,3.023,3.135,3.018,58994.0,002056
1537,2012-12-20,3.079,3.199,3.218,3.042,98789.0,002056
1538,2012-12-21,3.189,3.265,3.49,3.126,133581.0,002056
1539,2012-12-24,3.248,3.355,3.416,3.204,80290.0,002056
1540,2012-12-25,3.324,3.377,3.409,3.258,77064.0,002056
1541,2012-12-26,3.392,3.492,3.58,3.38,105211.0,002056
1542,2012-12-27,3.47,3.49,3.587,3.397,97452.0,002056
1543,2012-12-28,3.48,3.433,3.502,3.372,80971.0,002056
1544,2012-12-31,3.446,3.431,3.49,3.355,74801.0,002056
1545,2013-01-04,3.458,3.475,3.499,3.387,71698.0,002056
1546,2013-01-07,3.47,3.463,3.49,3.389,55324.0,002056
1547,2013-01-08,3.453,3.629,3.629,3.392,117163.0,002056
1548,2013-01-09,3.629,3.514,3.636,3.453,87248.0,002056
1549,2013-01-10,3.509,3.521,3.578,3.485,56534.0,002056
1550,2013-01-11,3.531,3.397,3.546,3.372,61671.0,002056
1551,2013-01-14,3.38,3.556,3.573,3.377,94729.0,002056
1552,2013-01-15,3.558,3.685,3.763,3.531,135780.0,002056
1553,2013-01-16,3.678,3.614,3.715,3.543,97412.0,002056
1554,2013-01-17,3.568,3.49,3.605,3.485,54434.0,002056
1555,2013-01-18,3.49,3.556,3.6,3.49,45182.0,002056
1556,2013-01-21,3.551,3.521,3.573,3.499,41640.0,002056
1557,2013-01-22,3.519,3.519,3.627,3.495,65786.0,002056
1558,2013-01-23,3.514,3.495,3.573,3.441,47813.0,002056
1559,2013-01-24,3.499,3.448,3.622,3.433,74407.0,002056
1560,2013-01-25,3.448,3.385,3.482,3.385,44492.0,002056
1561,2013-01-28,3.385,3.507,3.509,3.385,46650.0,002056
1562,2013-01-29,3.509,3.548,3.575,3.499,55391.0,002056
1563,2013-01-30,3.558,3.468,3.568,3.46,58974.0,002056
1564,2013-01-31,3.121,3.121,3.214,3.121,194437.0,002056
1565,2013-02-01,3.033,3.018,3.077,2.989,101842.0,002056
1566,2013-02-04,3.018,3.001,3.04,2.937,84567.0,002056
1567,2013-02-05,2.994,3.069,3.084,2.962,61453.0,002056
1568,2013-02-06,3.086,3.133,3.165,3.069,77510.0,002056
1569,2013-02-07,3.13,3.101,3.13,3.074,33374.0,002056
1570,2013-02-08,3.116,3.145,3.177,3.099,42611.0,002056
1571,2013-02-18,3.152,3.196,3.221,3.133,54330.0,002056
1572,2013-02-19,3.196,3.099,3.196,3.077,48547.0,002056
1573,2013-02-20,3.118,3.155,3.165,3.057,36942.0,002056
1574,2013-02-21,3.128,3.064,3.128,3.035,34863.0,002056
1575,2013-02-22,3.067,3.104,3.152,3.055,33911.0,002056
1576,2013-02-25,3.113,3.118,3.152,3.091,25750.0,002056
1577,2013-02-26,3.099,3.047,3.128,3.042,33943.0,002056
1578,2013-02-27,3.042,3.03,3.094,3.02,26099.0,002056
1579,2013-02-28,3.033,3.086,3.094,3.018,36799.0,002056
1580,2013-03-01,3.086,3.123,3.145,3.077,49111.0,002056
1581,2013-03-04,3.123,3.02,3.123,2.996,42561.0,002056
1582,2013-03-05,3.02,3.121,3.123,2.989,37987.0,002056
1583,2013-03-06,3.16,3.394,3.409,3.157,161270.0,002056
1584,2013-03-07,3.348,3.343,3.389,3.324,89472.0,002056
1585,2013-03-08,3.35,3.292,3.37,3.275,49153.0,002056
1586,2013-03-11,3.311,3.341,3.367,3.28,46045.0,002056
1587,2013-03-12,3.367,3.172,3.367,3.079,72213.0,002056
1588,2013-03-13,3.17,3.189,3.255,3.108,48802.0,002056
1589,2013-03-14,3.155,3.133,3.194,3.116,26847.0,002056
1590,2013-03-15,3.104,3.042,3.138,3.028,45730.0,002056
1591,2013-03-18,3.035,2.889,3.047,2.871,46077.0,002056
1592,2013-03-19,2.891,2.911,2.93,2.823,25244.0,002056
1593,2013-03-20,2.908,2.979,2.994,2.891,36223.0,002056
1594,2013-03-21,2.964,3.008,3.042,2.955,45629.0,002056
1595,2013-03-22,2.994,2.969,2.994,2.955,27234.0,002056
1596,2013-03-25,2.964,3.016,3.042,2.962,39384.0,002056
1597,2013-03-26,2.994,2.933,2.994,2.896,35116.0,002056
1598,2013-03-27,2.911,2.925,2.964,2.911,22923.0,002056
1599,2013-03-28,2.945,2.805,2.945,2.805,31764.0,002056
1600,2013-03-29,2.813,2.827,2.852,2.813,17280.0,002056
1601,2013-04-01,2.81,2.845,2.874,2.81,13641.0,002056
1602,2013-04-02,2.849,2.818,2.867,2.815,18090.0,002056
1603,2013-04-03,2.82,2.815,2.842,2.805,14753.0,002056
1604,2013-04-08,2.805,2.786,2.805,2.717,18036.0,002056
1605,2013-04-09,3.03,3.064,3.064,2.986,71998.0,002056
1606,2013-04-10,3.216,3.204,3.324,3.179,225598.0,002056
1607,2013-04-11,3.177,3.14,3.294,3.135,135755.0,002056
1608,2013-04-12,3.133,3.089,3.16,3.072,78177.0,002056
1609,2013-04-15,3.067,3.045,3.123,2.998,57368.0,002056
1610,2013-04-16,3.011,3.04,3.052,2.984,74264.0,002056
1611,2013-04-17,3.038,3.018,3.067,2.986,61622.0,002056
1612,2013-04-18,2.998,3.052,3.104,2.967,79445.0,002056
1613,2013-04-19,3.033,3.196,3.245,3.011,148457.0,002056
1614,2013-04-22,3.152,3.201,3.214,3.111,97595.0,002056
1615,2013-04-23,3.177,3.018,3.184,3.013,66284.0,002056
1616,2013-04-24,3.018,3.14,3.162,3.013,66681.0,002056
1617,2013-04-25,3.133,3.135,3.245,3.104,91715.0,002056
1618,2013-04-26,3.143,3.167,3.243,3.143,93977.0,002056
1619,2013-05-02,3.14,3.265,3.289,3.14,87159.0,002056
1620,2013-05-03,3.284,3.348,3.438,3.284,126071.0,002056
1621,2013-05-06,3.348,3.463,3.507,3.338,121094.0,002056
1622,2013-05-07,3.455,3.38,3.541,3.38,124571.0,002056
1623,2013-05-08,3.404,3.455,3.47,3.35,88929.0,002056
1624,2013-05-09,3.429,3.502,3.526,3.402,103013.0,002056
1625,2013-05-10,3.473,3.424,3.504,3.36,83588.0,002056
1626,2013-05-13,3.436,3.458,3.49,3.387,63089.0,002056
1627,2013-05-14,3.429,3.592,3.592,3.426,158455.0,002056
1628,2013-05-15,3.57,3.631,3.653,3.524,114322.0,002056
1629,2013-05-16,3.663,3.58,3.71,3.543,142555.0,002056
1630,2013-05-17,3.565,3.614,3.661,3.548,95448.0,002056
1631,2013-05-20,3.649,3.849,3.861,3.649,164651.0,002056
1632,2013-05-21,3.91,4.064,4.142,3.91,215996.0,002056
1633,2013-05-22,4.079,4.032,4.093,3.925,126646.0,002056
1634,2013-05-23,3.922,3.91,4.074,3.898,127040.0,002056
1635,2013-05-24,3.91,4.079,4.098,3.91,113786.0,002056
1636,2013-05-27,4.04,4.01,4.142,3.971,88925.0,002056
1637,2013-05-28,4.022,3.91,4.03,3.805,99950.0,002056
1638,2013-05-29,3.886,3.998,4.064,3.844,97131.0,002056
1639,2013-05-30,3.974,3.876,4.025,3.854,87414.0,002056
1640,2013-05-31,3.878,3.851,3.927,3.822,72598.0,002056
1641,2013-06-03,3.846,3.751,3.886,3.744,74193.0,002056
1642,2013-06-04,3.758,3.705,3.773,3.607,76878.0,002056
1643,2013-06-05,3.697,3.727,3.751,3.673,46765.0,002056
1644,2013-06-06,3.69,3.619,3.746,3.617,42957.0,002056
1645,2013-06-07,3.631,3.492,3.658,3.46,60696.0,002056
1646,2013-06-13,3.397,3.509,3.539,3.304,61773.0,002056
1647,2013-06-14,3.512,3.595,3.617,3.473,60541.0,002056
1648,2013-06-17,3.656,3.541,3.68,3.531,58622.0,002056
1649,2013-06-18,3.539,3.543,3.607,3.465,48747.0,002056
1650,2013-06-19,3.495,3.697,3.702,3.465,84295.0,002056
1651,2013-06-20,3.663,3.502,3.693,3.458,63513.0,002056
1652,2013-06-21,3.38,3.529,3.59,3.367,70718.0,002056
1653,2013-06-24,3.512,3.177,3.563,3.177,98401.0,002056
1654,2013-06-25,3.079,3.155,3.177,2.859,124006.0,002056
1655,2013-06-26,3.165,3.245,3.267,3.082,98106.0,002056
1656,2013-06-27,3.245,3.069,3.287,3.067,97077.0,002056
1657,2013-06-28,3.047,3.074,3.162,2.986,61981.0,002056
1658,2013-07-01,3.03,3.145,3.152,3.011,53883.0,002056
1659,2013-07-02,3.145,3.27,3.289,3.145,95268.0,002056
1660,2013-07-03,3.24,3.221,3.272,3.106,75628.0,002056
1661,2013-07-04,3.177,3.392,3.521,3.138,125221.0,002056
1662,2013-07-05,3.36,3.321,3.487,3.314,114543.0,002056
1663,2013-07-08,3.275,3.182,3.314,3.17,66224.0,002056
1664,2013-07-09,3.165,3.223,3.255,3.145,44062.0,002056
1665,2013-07-10,3.226,3.546,3.546,3.218,152123.0,002056
1666,2013-07-11,3.605,3.675,3.798,3.563,246872.0,002056
1667,2013-07-12,3.597,3.788,3.903,3.57,203520.0,002056
1668,2013-07-15,3.788,3.812,3.846,3.739,153617.0,002056
1669,2013-07-16,3.856,3.8,3.934,3.756,130642.0,002056
1670,2013-07-17,3.776,3.644,3.8,3.631,130124.0,002056
1671,2013-07-18,3.622,3.639,3.722,3.602,104865.0,002056
1672,2013-07-19,3.644,3.409,3.715,3.402,127345.0,002056
1673,2013-07-22,3.353,3.561,3.568,3.326,96472.0,002056
1674,2013-07-23,3.563,3.712,3.768,3.548,128999.0,002056
1675,2013-07-24,3.693,3.754,3.788,3.607,118419.0,002056
1676,2013-07-25,3.729,3.619,3.78,3.614,93415.0,002056
1677,2013-07-26,3.627,3.69,3.69,3.519,79136.0,002056
1678,2013-07-29,3.793,3.876,3.959,3.739,215461.0,002056
1679,2013-07-30,3.812,3.788,4.0,3.771,156722.0,002056
1680,2013-07-31,3.785,3.79,3.922,3.741,108064.0,002056
1681,2013-08-01,3.79,3.937,3.947,3.788,136647.0,002056
1682,2013-08-02,3.974,3.925,4.042,3.893,155392.0,002056
1683,2013-08-05,3.934,3.908,3.964,3.839,110343.0,002056
1684,2013-08-06,3.908,4.071,4.103,3.849,196810.0,002056
1685,2013-08-07,4.054,3.939,4.054,3.92,136255.0,002056
1686,2013-08-08,4.005,3.942,4.081,3.888,130756.0,002056
1687,2013-08-09,3.942,4.022,4.14,3.895,219560.0,002056
1688,2013-08-12,4.032,4.047,4.13,3.986,164085.0,002056
1689,2013-08-13,4.032,3.969,4.032,3.937,112741.0,002056
1690,2013-08-14,3.974,3.876,3.981,3.829,122555.0,002056
1691,2013-08-15,3.859,3.839,3.903,3.807,75040.0,002056
1692,2013-08-16,3.807,3.668,3.898,3.663,106400.0,002056
1693,2013-08-19,3.634,3.78,3.793,3.624,84213.0,002056
1694,2013-08-20,3.763,3.717,3.805,3.702,58581.0,002056
1695,2013-08-21,3.717,3.78,3.817,3.717,59394.0,002056
1696,2013-08-22,3.785,3.746,3.839,3.744,58424.0,002056
1697,2013-08-23,3.776,3.986,3.986,3.768,194154.0,002056
1698,2013-08-26,3.986,4.027,4.049,3.937,119798.0,002056
1699,2013-08-27,4.032,4.084,4.12,3.949,141971.0,002056
1700,2013-08-28,4.057,3.981,4.057,3.978,96228.0,002056
1701,2013-08-29,3.998,3.961,4.027,3.917,75112.0,002056
1702,2013-08-30,3.961,3.736,3.996,3.727,108863.0,002056
1703,2013-09-02,3.746,3.859,3.876,3.746,51177.0,002056
1704,2013-09-03,3.849,3.993,3.996,3.824,81948.0,002056
1705,2013-09-04,3.974,4.223,4.389,3.956,279496.0,002056
1706,2013-09-05,4.213,4.225,4.299,4.154,148152.0,002056
1707,2013-09-06,4.186,4.23,4.272,4.174,94609.0,002056
1708,2013-09-09,4.233,4.294,4.335,4.203,141596.0,002056
1709,2013-09-10,4.301,4.198,4.318,4.103,149624.0,002056
1710,2013-09-11,4.171,4.274,4.296,4.103,123034.0,002056
1711,2013-09-12,4.272,4.203,4.318,4.149,97957.0,002056
1712,2013-09-13,4.206,4.154,4.257,4.13,79878.0,002056
1713,2013-09-16,4.157,4.091,4.181,4.057,86909.0,002056
1714,2013-09-17,4.074,4.108,4.167,4.074,58995.0,002056
1715,2013-09-18,4.093,4.154,4.193,4.071,58464.0,002056
1716,2013-09-23,4.171,4.252,4.269,4.147,74322.0,002056
1717,2013-09-24,4.247,4.12,4.247,4.113,86345.0,002056
1718,2013-09-25,4.103,3.971,4.169,3.966,102170.0,002056
1719,2013-09-26,3.959,3.952,4.044,3.915,68811.0,002056
1720,2013-09-27,3.961,4.003,4.049,3.961,45361.0,002056
1721,2013-09-30,4.057,4.003,4.057,3.966,45660.0,002056
1722,2013-10-08,4.02,4.154,4.159,3.983,79270.0,002056
1723,2013-10-09,4.147,4.171,4.193,4.096,58494.0,002056
1724,2013-10-10,4.181,4.052,4.196,4.04,62282.0,002056
1725,2013-10-11,4.059,4.228,4.245,4.037,120031.0,002056
1726,2013-10-14,4.235,4.198,4.237,4.137,82658.0,002056
1727,2013-10-15,4.184,4.13,4.25,4.091,79762.0,002056
1728,2013-10-16,4.093,3.996,4.093,3.959,69227.0,002056
1729,2013-10-17,4.032,3.996,4.069,3.966,48555.0,002056
1730,2013-10-18,3.996,3.998,4.022,3.971,32268.0,002056
1731,2013-10-21,3.996,4.069,4.093,3.861,87626.0,002056
1732,2013-10-22,4.059,4.101,4.189,4.047,91964.0,002056
1733,2013-10-23,4.108,4.196,4.24,4.057,133600.0,002056
1734,2013-10-24,4.179,4.193,4.274,4.142,122671.0,002056
1735,2013-10-25,4.167,4.052,4.242,4.02,81576.0,002056
1736,2013-10-28,4.064,4.362,4.369,4.027,161670.0,002056
1737,2013-10-29,4.323,4.274,4.369,4.062,143156.0,002056
1738,2013-10-30,4.245,4.457,4.457,4.157,156169.0,002056
1739,2013-10-31,4.404,4.343,4.501,4.306,112592.0,002056
1740,2013-11-01,4.321,4.211,4.325,4.167,78436.0,002056
1741,2013-11-04,4.208,4.421,4.443,4.203,98561.0,002056
1742,2013-11-05,4.389,4.465,4.533,4.313,123012.0,002056
1743,2013-11-06,4.448,4.296,4.467,4.277,107109.0,002056
1744,2013-11-07,4.228,4.108,4.281,4.106,87970.0,002056
1745,2013-11-08,4.037,3.939,4.088,3.886,92895.0,002056
1746,2013-11-11,3.92,3.966,4.015,3.908,40620.0,002056
1747,2013-11-12,3.959,3.978,4.03,3.959,35655.0,002056
1748,2013-11-13,3.969,3.934,4.044,3.912,43716.0,002056
1749,2013-11-14,3.932,3.991,4.008,3.766,65689.0,002056
1750,2013-11-15,3.974,4.035,4.106,3.964,64355.0,002056
1751,2013-11-18,4.035,4.132,4.142,4.035,55357.0,002056
1752,2013-11-19,4.132,4.137,4.184,4.091,42485.0,002056
1753,2013-11-20,4.137,4.145,4.203,4.091,39010.0,002056
1754,2013-11-21,4.118,4.059,4.206,4.049,64673.0,002056
1755,2013-11-22,4.059,4.071,4.127,4.049,27751.0,002056
1756,2013-11-25,4.057,3.993,4.115,3.986,35865.0,002056
1757,2013-11-26,3.971,3.981,4.027,3.917,36608.0,002056
1758,2013-11-27,4.02,4.069,4.069,3.934,41602.0,002056
1759,2013-11-28,4.069,4.213,4.247,4.062,83130.0,002056
1760,2013-11-29,4.193,4.167,4.211,4.14,61310.0,002056
1761,2013-12-02,4.081,3.751,4.118,3.751,118345.0,002056
1762,2013-12-03,3.69,3.849,3.868,3.663,64611.0,002056
1763,2013-12-04,3.812,3.861,3.922,3.8,45907.0,002056
1764,2013-12-05,3.849,4.01,4.027,3.832,69729.0,002056
1765,2013-12-06,4.02,3.91,4.02,3.878,58482.0,002056
1766,2013-12-09,3.974,3.947,4.0,3.934,37557.0,002056
1767,2013-12-10,3.922,3.925,3.956,3.856,43468.0,002056
1768,2013-12-11,3.898,3.859,3.92,3.812,31271.0,002056
1769,2013-12-12,3.824,3.837,3.89,3.82,24547.0,002056
1770,2013-12-13,3.812,3.873,3.942,3.805,25651.0,002056
1771,2013-12-16,3.886,3.788,3.917,3.78,35459.0,002056
1772,2013-12-17,3.758,3.715,3.81,3.707,34967.0,002056
1773,2013-12-18,3.715,3.724,3.761,3.697,25067.0,002056
1774,2013-12-19,3.739,3.717,3.798,3.715,22597.0,002056
1775,2013-12-20,3.719,3.619,3.776,3.614,34908.0,002056
1776,2013-12-23,3.583,3.634,3.68,3.565,26755.0,002056
1777,2013-12-24,3.641,3.673,3.717,3.617,22123.0,002056
1778,2013-12-25,3.693,3.734,3.768,3.668,27436.0,002056
1779,2013-12-26,3.751,3.678,3.751,3.656,23161.0,002056
1780,2013-12-27,3.702,3.783,3.822,3.675,38333.0,002056
1781,2013-12-30,3.783,3.758,3.827,3.751,29390.0,002056
1782,2013-12-31,3.778,3.805,3.832,3.751,33615.0,002056
1783,2014-01-02,3.802,3.807,3.832,3.756,27230.0,002056
1784,2014-01-03,3.8,3.763,3.849,3.739,32135.0,002056
1785,2014-01-06,3.744,3.766,3.849,3.668,62192.0,002056
1786,2014-01-07,3.849,3.922,4.027,3.849,111921.0,002056
1787,2014-01-08,3.91,3.969,4.015,3.878,86169.0,002056
1788,2014-01-09,3.952,3.915,3.991,3.893,49764.0,002056
1789,2014-01-10,3.905,3.939,3.981,3.864,33423.0,002056
1790,2014-01-13,3.934,3.983,4.071,3.925,51082.0,002056
1791,2014-01-14,3.971,3.974,3.988,3.886,45026.0,002056
1792,2014-01-15,3.974,4.093,4.093,3.961,83397.0,002056
1793,2014-01-16,4.093,4.044,4.118,4.042,61384.0,002056
1794,2014-01-17,4.044,4.123,4.157,4.01,74001.0,002056
1795,2014-01-20,4.11,4.098,4.181,4.071,51988.0,002056
1796,2014-01-21,4.086,4.147,4.147,4.069,47967.0,002056
1797,2014-01-22,4.145,4.203,4.272,4.13,76946.0,002056
1798,2014-01-23,4.208,4.316,4.362,4.191,80875.0,002056
1799,2014-01-24,4.277,4.328,4.396,4.252,69855.0,002056
1800,2014-01-27,4.291,4.477,4.531,4.291,105800.0,002056
1801,2014-01-28,4.619,4.14,4.619,4.084,165731.0,002056
1802,2014-01-29,4.132,4.203,4.255,4.081,67719.0,002056
1803,2014-01-30,4.179,4.113,4.257,4.11,47266.0,002056
1804,2014-02-07,4.074,4.313,4.343,4.074,59880.0,002056
1805,2014-02-10,4.321,4.746,4.746,4.321,209391.0,002056
1806,2014-02-11,4.78,4.663,4.829,4.572,166528.0,002056
1807,2014-02-12,4.655,4.699,4.929,4.65,183633.0,002056
1808,2014-02-13,4.707,4.675,4.839,4.638,118189.0,002056
1809,2014-02-14,4.729,4.704,4.765,4.565,101187.0,002056
1810,2014-02-17,4.753,4.839,4.924,4.704,167259.0,002056
1811,2014-02-18,4.831,4.939,4.997,4.785,166721.0,002056
1812,2014-02-19,4.961,4.78,4.961,4.716,116428.0,002056
1813,2014-02-20,4.741,4.57,4.778,4.545,90390.0,002056
1814,2014-02-21,4.594,4.76,4.76,4.475,84500.0,002056
1815,2014-02-24,4.765,4.892,4.912,4.692,128179.0,002056
1816,2014-02-25,4.875,4.489,4.907,4.448,112216.0,002056
1817,2014-02-26,4.521,4.68,4.69,4.399,97899.0,002056
1818,2014-02-27,4.677,4.643,4.875,4.523,125751.0,002056
1819,2014-02-28,4.692,4.802,4.863,4.526,111182.0,002056
1820,2014-03-03,4.814,5.169,5.271,4.814,228703.0,002056
1821,2014-03-04,5.176,5.23,5.274,5.071,155115.0,002056
1822,2014-03-05,5.235,5.051,5.278,5.024,125931.0,002056
1823,2014-03-06,4.997,4.953,5.1,4.895,87856.0,002056
1824,2014-03-07,5.012,4.883,5.254,4.841,113410.0,002056
1825,2014-03-10,4.878,4.675,4.895,4.643,87423.0,002056
1826,2014-03-11,4.655,4.633,4.751,4.521,83351.0,002056
1827,2014-03-12,4.582,4.521,4.658,4.347,93525.0,002056
1828,2014-03-13,4.479,4.531,4.594,4.472,52985.0,002056
1829,2014-03-14,4.526,4.47,4.611,4.418,49873.0,002056
1830,2014-03-17,4.496,4.658,4.677,4.47,62378.0,002056
1831,2014-03-18,4.68,4.692,4.851,4.668,85671.0,002056
1832,2014-03-19,4.692,4.753,4.802,4.65,59420.0,002056
1833,2014-03-20,4.668,4.399,4.668,4.399,117570.0,002056
1834,2014-03-21,4.374,4.472,4.496,4.242,71526.0,002056
1835,2014-03-24,4.443,4.416,4.492,4.387,56435.0,002056
1836,2014-03-25,4.401,4.418,4.462,4.357,48516.0,002056
1837,2014-03-26,4.565,4.606,4.729,4.47,104696.0,002056
1838,2014-03-27,4.521,4.453,4.648,4.45,67072.0,002056
1839,2014-03-28,4.47,4.325,4.54,4.294,61891.0,002056
1840,2014-03-31,4.325,4.325,4.413,4.279,31823.0,002056
1841,2014-04-01,4.347,4.45,4.457,4.321,38241.0,002056
1842,2014-04-02,4.465,4.44,4.514,4.394,41639.0,002056
1843,2014-04-03,4.44,4.472,4.518,4.413,32040.0,002056
1844,2014-04-04,4.426,4.592,4.621,4.411,69468.0,002056
1845,2014-04-08,4.555,4.655,4.702,4.543,72758.0,002056
1846,2014-04-09,4.643,4.663,4.753,4.619,52447.0,002056
1847,2014-04-10,4.663,4.619,4.692,4.592,58599.0,002056
1848,2014-04-11,4.597,4.685,4.685,4.55,47199.0,002056
1849,2014-04-14,4.716,4.697,4.831,4.692,73358.0,002056
1850,2014-04-15,4.704,4.619,4.731,4.575,52780.0,002056
1851,2014-04-16,4.616,4.716,4.753,4.606,51916.0,002056
1852,2014-04-17,4.721,4.66,4.753,4.66,39294.0,002056
1853,2014-04-18,4.636,4.668,4.734,4.602,33567.0,002056
1854,2014-04-21,4.626,4.467,4.68,4.435,51327.0,002056
1855,2014-04-22,4.46,4.44,4.516,4.374,41286.0,002056
1856,2014-04-23,4.448,4.453,4.501,4.438,22279.0,002056
1857,2014-04-24,4.45,4.413,4.506,4.413,24719.0,002056
1858,2014-04-25,4.411,4.367,4.494,4.362,38677.0,002056
1859,2014-04-28,4.374,4.242,4.396,4.228,34649.0,002056
1860,2014-04-29,4.242,4.286,4.313,4.142,34199.0,002056
1861,2014-04-30,4.284,4.325,4.333,4.274,26812.0,002056
1862,2014-05-05,4.321,4.35,4.369,4.299,20517.0,002056
1863,2014-05-06,4.35,4.377,4.44,4.335,28823.0,002056
1864,2014-05-07,4.377,4.313,4.396,4.313,17981.0,002056
1865,2014-05-08,4.321,4.33,4.423,4.313,30137.0,002056
1866,2014-05-09,4.325,4.318,4.394,4.279,26483.0,002056
1867,2014-05-12,4.369,4.57,4.587,4.35,74646.0,002056
1868,2014-05-13,4.545,4.533,4.58,4.482,38198.0,002056
1869,2014-05-14,4.533,4.511,4.545,4.479,21760.0,002056
1870,2014-05-15,4.509,4.352,4.555,4.35,40453.0,002056
1871,2014-05-16,4.355,4.365,4.367,4.252,30793.0,002056
1872,2014-05-19,4.352,4.284,4.372,4.267,20898.0,002056
1873,2014-05-20,4.34,4.252,4.36,4.218,25923.0,002056
1874,2014-05-21,4.228,4.323,4.33,4.208,21662.0,002056
1875,2014-05-22,4.321,4.279,4.355,4.272,25610.0,002056
1876,2014-05-23,4.296,4.333,4.333,4.23,20878.0,002056
1877,2014-05-26,4.387,4.421,4.428,4.35,39575.0,002056
1878,2014-05-27,4.418,4.421,4.453,4.379,26971.0,002056
1879,2014-05-28,4.411,4.472,4.482,4.384,42563.0,002056
1880,2014-05-29,4.47,4.355,4.487,4.355,35134.0,002056
1881,2014-05-30,4.36,4.399,4.399,4.284,26539.0,002056
1882,2014-06-03,4.411,4.484,4.506,4.411,47231.0,002056
1883,2014-06-04,4.46,4.418,4.482,4.35,37314.0,002056
1884,2014-06-05,4.423,4.546,4.546,4.418,52442.0,002056
1885,2014-06-06,4.546,4.516,4.583,4.477,50701.0,002056
1886,2014-06-09,4.485,4.583,4.684,4.485,73507.0,002056
1887,2014-06-10,4.578,4.666,4.693,4.536,71831.0,002056
1888,2014-06-11,4.666,4.691,4.698,4.62,44370.0,002056
1889,2014-06-12,4.681,4.588,4.681,4.585,40938.0,002056
1890,2014-06-13,4.58,4.696,4.735,4.573,59262.0,002056
1891,2014-06-16,4.693,4.659,4.713,4.629,43357.0,002056
1892,2014-06-17,4.654,4.602,4.686,4.595,35484.0,002056
1893,2014-06-18,4.6,4.62,4.703,4.585,41277.0,002056
1894,2014-06-19,4.602,4.396,4.634,4.344,47643.0,002056
1895,2014-06-20,4.406,4.448,4.485,4.396,25506.0,002056
1896,2014-06-23,4.497,4.48,4.519,4.423,21698.0,002056
1897,2014-06-24,4.48,4.622,4.657,4.462,56569.0,002056
1898,2014-06-25,4.605,4.654,4.666,4.558,47228.0,002056
1899,2014-06-26,4.654,4.674,4.708,4.62,58283.0,002056
1900,2014-06-27,4.686,4.698,4.774,4.627,68762.0,002056
1901,2014-06-30,4.703,4.782,4.824,4.669,82528.0,002056
1902,2014-07-01,4.779,4.757,4.806,4.735,53095.0,002056
1903,2014-07-02,4.765,4.725,4.772,4.649,65770.0,002056
1904,2014-07-03,4.723,4.745,4.777,4.669,62801.0,002056
1905,2014-07-04,4.743,4.686,4.787,4.684,51433.0,002056
1906,2014-07-07,4.686,4.659,4.706,4.583,58082.0,002056
1907,2014-07-08,4.644,4.784,4.804,4.612,74358.0,002056
1908,2014-07-09,4.779,4.676,4.86,4.657,89403.0,002056
1909,2014-07-10,4.693,4.858,5.059,4.681,163188.0,002056
1910,2014-07-11,4.829,4.829,4.907,4.799,87381.0,002056
1911,2014-07-14,4.779,4.927,4.983,4.743,146027.0,002056
1912,2014-07-15,4.89,5.035,5.121,4.873,154310.0,002056
1913,2014-07-16,5.037,4.964,5.111,4.89,89539.0,002056
1914,2014-07-17,4.959,4.924,4.959,4.843,60239.0,002056
1915,2014-07-18,4.89,4.91,5.055,4.873,68208.0,002056
1916,2014-07-21,4.885,4.875,4.949,4.826,51700.0,002056
1917,2014-07-22,4.875,5.02,5.059,4.856,97496.0,002056
1918,2014-07-23,5.037,4.902,5.037,4.89,70654.0,002056
1919,2014-07-24,4.892,4.801,4.951,4.718,75949.0,002056
1920,2014-07-25,4.792,4.846,4.905,4.762,66303.0,002056
1921,2014-07-28,4.831,4.892,4.954,4.774,84126.0,002056
1922,2014-07-29,4.976,5.204,5.234,4.927,200035.0,002056
1923,2014-07-30,5.17,5.138,5.197,5.099,96574.0,002056
1924,2014-07-31,5.121,5.146,5.229,5.111,85360.0,002056
1925,2014-08-01,5.131,5.094,5.283,5.094,142612.0,002056
1926,2014-08-04,5.111,5.273,5.273,5.047,136144.0,002056
1927,2014-08-05,5.263,5.202,5.266,5.146,103058.0,002056
1928,2014-08-06,5.195,5.229,5.278,5.126,84301.0,002056
1929,2014-08-07,5.236,5.104,5.276,5.101,83623.0,002056
1930,2014-08-08,5.116,5.131,5.209,5.109,67902.0,002056
1931,2014-08-11,5.16,5.212,5.271,5.16,93538.0,002056
1932,2014-08-12,5.209,5.15,5.234,5.133,80396.0,002056
1933,2014-08-13,5.138,5.347,5.357,5.114,125032.0,002056
1934,2014-08-14,5.313,5.249,5.401,5.236,118747.0,002056
1935,2014-08-15,5.256,5.3,5.357,5.222,68976.0,002056
1936,2014-08-18,5.315,5.448,5.512,5.315,89274.0,002056
1937,2014-08-19,5.475,5.399,5.48,5.357,80711.0,002056
1938,2014-08-20,5.384,5.332,5.49,5.295,94793.0,002056
1939,2014-08-21,5.335,5.349,5.401,5.256,76421.0,002056
1940,2014-08-22,5.349,5.44,5.458,5.32,75008.0,002056
1941,2014-08-25,5.47,5.384,5.47,5.342,64353.0,002056
1942,2014-08-26,5.354,5.16,5.354,5.148,97002.0,002056
1943,2014-08-27,5.148,5.17,5.222,5.126,49780.0,002056
1944,2014-08-28,5.173,5.055,5.224,5.047,57919.0,002056
1945,2014-08-29,5.04,5.136,5.16,5.037,42992.0,002056
1946,2014-09-01,5.367,5.335,5.458,5.286,114886.0,002056
1947,2014-09-02,5.318,5.406,5.443,5.31,107285.0,002056
1948,2014-09-03,5.411,5.482,5.504,5.359,128233.0,002056
1949,2014-09-04,5.529,5.472,5.573,5.45,101896.0,002056
1950,2014-09-05,5.504,5.475,5.551,5.455,86685.0,002056
1951,2014-09-09,5.467,5.465,5.524,5.413,82539.0,002056
1952,2014-09-10,5.421,5.47,5.512,5.394,65928.0,002056
1953,2014-09-11,5.482,5.509,5.605,5.413,107099.0,002056
1954,2014-09-12,5.497,5.536,5.553,5.453,71719.0,002056
1955,2014-09-15,5.551,5.689,5.762,5.514,129407.0,002056
1956,2014-09-16,5.674,5.428,5.701,5.411,135641.0,002056
1957,2014-09-17,5.435,5.381,5.458,5.3,69485.0,002056
1958,2014-09-18,5.384,5.389,5.421,5.33,40615.0,002056
1959,2014-09-19,5.389,5.453,5.467,5.362,53565.0,002056
1960,2014-09-22,5.423,5.239,5.426,5.204,83786.0,002056
1961,2014-09-23,5.227,5.322,5.342,5.224,54824.0,002056
1962,2014-09-24,5.295,5.406,5.423,5.271,52924.0,002056
1963,2014-09-25,5.443,5.421,5.553,5.404,70033.0,002056
1964,2014-09-26,5.406,5.369,5.438,5.322,45966.0,002056
1965,2014-09-29,5.421,5.435,5.509,5.406,56718.0,002056
1966,2014-09-30,5.438,5.494,5.504,5.428,62858.0,002056
1967,2014-10-08,5.494,5.551,5.568,5.47,69336.0,002056
1968,2014-10-09,5.553,5.514,5.598,5.438,74292.0,002056
1969,2014-10-10,5.494,5.384,5.514,5.347,78662.0,002056
1970,2014-10-13,5.357,5.475,5.475,5.33,60282.0,002056
1971,2014-10-14,5.445,5.406,5.517,5.381,69518.0,002056
1972,2014-10-15,5.401,5.359,5.431,5.278,60849.0,002056
1973,2014-10-16,5.322,5.254,5.416,5.254,59842.0,002056
1974,2014-10-17,5.246,5.136,5.278,5.057,71209.0,002056
1975,2014-10-20,5.143,5.229,5.249,5.141,39123.0,002056
1976,2014-10-21,5.227,5.222,5.32,5.204,33855.0,002056
1977,2014-10-22,5.222,5.241,5.399,5.222,48186.0,002056
1978,2014-10-23,5.232,5.224,5.305,5.195,41014.0,002056
1979,2014-10-24,5.276,5.266,5.33,5.234,38821.0,002056
1980,2014-10-27,5.266,5.33,5.34,5.192,37314.0,002056
1981,2014-10-28,5.357,5.443,5.448,5.332,69448.0,002056
1982,2014-10-29,5.455,5.467,5.494,5.413,77199.0,002056
1983,2014-10-30,5.455,5.413,5.48,5.399,62773.0,002056
1984,2014-10-31,5.423,5.534,5.558,5.423,115125.0,002056
1985,2014-11-03,5.553,5.544,5.576,5.492,74428.0,002056
1986,2014-11-04,5.526,5.445,5.536,5.396,66314.0,002056
1987,2014-11-05,5.443,5.428,5.524,5.418,54852.0,002056
1988,2014-11-06,5.455,5.598,5.607,5.416,100350.0,002056
1989,2014-11-07,5.598,5.44,5.625,5.421,94600.0,002056
1990,2014-11-10,5.428,5.426,5.48,5.354,60433.0,002056
1991,2014-11-11,5.435,5.16,5.435,5.104,104741.0,002056
1992,2014-11-12,5.16,5.232,5.246,5.131,35812.0,002056
1993,2014-11-13,5.232,5.114,5.251,5.091,52818.0,002056
1994,2014-11-14,5.114,5.126,5.153,5.082,46741.0,002056
1995,2014-11-17,5.136,5.148,5.219,5.077,44222.0,002056
1996,2014-11-18,5.148,5.204,5.227,5.148,27625.0,002056
1997,2014-11-19,5.209,5.212,5.234,5.15,37274.0,002056
1998,2014-11-20,5.204,5.126,5.219,5.104,37816.0,002056
1999,2014-11-21,5.131,5.219,5.227,5.111,32987.0,002056
2000,2014-11-24,5.259,5.256,5.29,5.219,50447.0,002056
2001,2014-11-25,5.254,5.345,5.345,5.236,64155.0,002056
2002,2014-11-26,5.362,5.315,5.376,5.276,54283.0,002056
2003,2014-11-27,5.327,5.349,5.418,5.303,63561.0,002056
2004,2014-11-28,5.357,5.251,5.359,5.234,71147.0,002056
2005,2014-12-01,5.234,5.128,5.249,5.087,84395.0,002056
2006,2014-12-02,5.131,5.204,5.244,5.131,61315.0,002056
2007,2014-12-03,5.219,5.443,5.514,5.165,149171.0,002056
2008,2014-12-04,5.467,5.494,5.529,5.386,121829.0,002056
2009,2014-12-05,5.494,5.31,5.497,5.165,105362.0,002056
2010,2014-12-08,5.332,5.607,5.671,5.318,161387.0,002056
2011,2014-12-09,5.566,5.32,5.666,5.288,156783.0,002056
2012,2014-12-10,5.34,5.853,5.853,5.298,155987.0,002056
2013,2014-12-11,6.045,6.018,6.276,5.897,268167.0,002056
2014,2014-12-12,5.934,5.986,6.143,5.917,135444.0,002056
2015,2014-12-15,5.986,6.101,6.182,5.949,117242.0,002056
2016,2014-12-16,6.067,5.983,6.106,5.897,98136.0,002056
2017,2014-12-17,5.979,5.915,5.979,5.792,93210.0,002056
2018,2014-12-18,5.885,5.991,6.153,5.885,98739.0,002056
2019,2014-12-19,5.939,5.797,5.939,5.654,99483.0,002056
2020,2014-12-22,5.765,5.492,5.765,5.455,88590.0,002056
2021,2014-12-23,5.504,5.45,5.642,5.408,57739.0,002056
2022,2014-12-24,5.472,5.571,5.603,5.472,52338.0,002056
2023,2014-12-25,5.578,5.607,5.634,5.531,46495.0,002056
2024,2014-12-26,5.607,5.684,5.767,5.578,79063.0,002056
2025,2014-12-29,5.652,5.546,5.654,5.521,68922.0,002056
2026,2014-12-30,5.492,5.536,5.644,5.492,51817.0,002056
2027,2014-12-31,5.568,5.394,5.598,5.249,87024.0,002056
2028,2015-01-05,5.369,5.487,5.524,5.283,65972.0,002056
2029,2015-01-06,5.492,5.632,5.676,5.46,71129.0,002056
2030,2015-01-07,5.605,5.553,5.696,5.517,64427.0,002056
2031,2015-01-08,5.558,5.539,5.605,5.514,42390.0,002056
2032,2015-01-09,5.548,5.534,5.691,5.534,59297.0,002056
2033,2015-01-12,5.455,5.354,5.455,5.283,53832.0,002056
2034,2015-01-13,5.345,5.423,5.482,5.322,40449.0,002056
2035,2015-01-14,5.465,5.369,5.563,5.362,35889.0,002056
2036,2015-01-15,5.364,5.433,5.45,5.364,26013.0,002056
2037,2015-01-16,5.462,5.551,5.571,5.438,43586.0,002056
2038,2015-01-19,5.406,5.48,5.681,5.369,80217.0,002056
2039,2015-01-20,5.509,5.787,5.789,5.509,107257.0,002056
2040,2015-01-21,5.824,5.821,5.88,5.75,101243.0,002056
2041,2015-01-22,5.821,5.863,5.944,5.799,91907.0,002056
2042,2015-01-23,5.856,5.762,5.861,5.738,70517.0,002056
2043,2015-01-26,5.762,5.991,6.099,5.752,118894.0,002056
2044,2015-01-27,5.969,5.92,6.015,5.809,77181.0,002056
2045,2015-01-28,5.897,5.858,6.045,5.858,84193.0,002056
2046,2015-01-29,5.797,5.875,5.922,5.782,56686.0,002056
2047,2015-01-30,5.897,5.848,5.971,5.826,46332.0,002056
2048,2015-02-02,5.762,5.767,5.848,5.72,37284.0,002056
2049,2015-02-03,5.799,5.912,5.944,5.779,49275.0,002056
2050,2015-02-04,5.92,5.846,6.018,5.829,48101.0,002056
2051,2015-02-05,5.9,5.794,5.934,5.775,53071.0,002056
2052,2015-02-06,5.779,5.615,5.848,5.59,54416.0,002056
2053,2015-02-09,5.625,5.689,5.856,5.58,46852.0,002056
2054,2015-02-10,5.671,5.755,5.762,5.615,40260.0,002056
2055,2015-02-11,5.75,5.824,5.888,5.728,42980.0,002056
2056,2015-02-12,5.802,5.875,5.974,5.802,55928.0,002056
2057,2015-02-13,5.976,5.959,6.045,5.897,91592.0,002056
2058,2015-02-16,5.976,6.16,6.207,5.947,112380.0,002056
2059,2015-02-17,6.168,6.119,6.19,6.077,63443.0,002056
2060,2015-02-25,6.136,6.364,6.502,6.119,135348.0,002056
2061,2015-02-26,6.337,6.364,6.404,6.286,68595.0,002056
2062,2015-02-27,6.345,6.362,6.44,6.293,74863.0,002056
2063,2015-03-02,6.463,6.411,6.482,6.325,88208.0,002056
2064,2015-03-03,6.409,6.31,6.409,6.266,103324.0,002056
2065,2015-03-04,6.291,6.374,6.381,6.273,77021.0,002056
2066,2015-03-05,6.364,6.391,6.48,6.323,69707.0,002056
2067,2015-03-06,6.436,6.556,6.708,6.436,129513.0,002056
2068,2015-03-09,6.556,6.598,6.679,6.49,97314.0,002056
2069,2015-03-10,6.593,6.507,6.676,6.477,78424.0,002056
2070,2015-03-11,6.507,6.342,6.531,6.31,73949.0,002056
2071,2015-03-12,6.335,6.342,6.413,6.241,59581.0,002056
2072,2015-03-13,6.372,6.44,6.445,6.335,54596.0,002056
2073,2015-03-16,6.465,6.541,6.551,6.433,71590.0,002056
2074,2015-03-17,6.573,6.571,6.598,6.477,87325.0,002056
2075,2015-03-18,6.571,6.826,6.91,6.546,112354.0,002056
2076,2015-03-19,6.868,6.841,6.925,6.757,81787.0,002056
2077,2015-03-20,6.851,6.878,6.947,6.794,79925.0,002056
2078,2015-03-23,6.954,7.025,7.212,6.954,121978.0,002056
2079,2015-03-24,7.028,6.927,7.111,6.691,124100.0,002056
2080,2015-03-25,6.89,7.028,7.084,6.807,100555.0,002056
2081,2015-03-26,6.956,7.224,7.249,6.907,129339.0,002056
2082,2015-03-27,7.21,7.416,7.568,7.2,120725.3,002056
2083,2015-03-30,7.101,7.185,7.318,7.047,167780.0,002056
2084,2015-03-31,7.185,7.214,7.352,7.131,120159.0,002056
2085,2015-04-01,7.219,7.264,7.308,7.126,106191.0,002056
2086,2015-04-02,7.264,7.399,7.529,7.261,143224.0,002056
2087,2015-04-03,7.404,7.345,7.492,7.259,131916.0,002056
2088,2015-04-07,7.357,7.536,7.566,7.298,123085.0,002056
2089,2015-04-08,7.571,7.18,7.61,7.128,154924.0,002056
2090,2015-04-09,7.18,6.964,7.232,6.777,116585.0,002056
2091,2015-04-10,6.949,7.119,7.16,6.929,101353.0,002056
2092,2015-04-13,7.128,7.224,7.259,7.067,103455.0,002056
2093,2015-04-14,7.2,7.342,7.519,7.131,132699.0,002056
2094,2015-04-15,7.32,6.929,7.32,6.902,109732.0,002056
2095,2015-04-16,6.848,6.991,7.065,6.738,92743.0,002056
2096,2015-04-17,7.008,6.993,7.146,6.979,106030.0,002056
2097,2015-04-20,6.991,6.976,7.187,6.834,131473.0,002056
2098,2015-04-21,7.003,7.273,7.31,7.003,134182.0,002056
2099,2015-04-22,7.323,7.613,7.743,7.32,165315.0,002056
2100,2015-04-23,7.642,7.812,7.937,7.531,182859.0,002056
2101,2015-04-24,7.718,7.588,7.789,7.517,114958.0,002056
2102,2015-04-27,7.691,7.617,7.812,7.559,112990.0,002056
2103,2015-04-28,7.63,7.291,7.691,7.178,115893.0,002056
2104,2015-04-29,7.269,7.792,7.844,7.227,155947.0,002056
2105,2015-04-30,7.753,7.632,7.93,7.617,163311.0,002056
2106,2015-05-04,7.605,7.477,7.605,7.352,101177.0,002056
2107,2015-05-05,7.443,7.175,7.482,7.097,99541.0,002056
2108,2015-05-06,7.195,6.966,7.286,6.932,87787.0,002056
2109,2015-05-07,6.976,6.966,7.072,6.898,58630.0,002056
2110,2015-05-08,7.047,7.19,7.192,6.981,71456.0,002056
2111,2015-05-11,7.219,7.396,7.426,7.214,100134.0,002056
2112,2015-05-12,7.396,7.445,7.492,7.293,107815.0,002056
2113,2015-05-13,7.411,7.374,7.578,7.271,138901.0,002056
2114,2015-05-14,7.372,7.691,7.74,7.323,152029.0,002056
2115,2015-05-15,7.593,7.359,7.706,7.345,122297.0,002056
2116,2015-05-18,7.286,7.495,7.504,7.2,106671.0,002056
2117,2015-05-19,7.428,7.777,7.78,7.372,137542.0,002056
2118,2015-05-20,7.814,8.035,8.256,7.765,215572.0,002056
2119,2015-05-21,8.038,8.834,8.834,8.038,194994.0,002056
2120,2015-05-22,9.092,8.881,9.335,8.723,202329.0,002056
2121,2015-05-25,8.674,9.202,9.529,8.608,151839.0,002056
2122,2015-05-26,9.188,9.458,9.728,9.148,134649.0,002056
2123,2015-05-27,9.387,9.274,9.527,9.116,114576.0,002056
2124,2015-05-28,9.325,8.588,9.63,8.551,153758.0,002056
2125,2015-05-29,8.637,9.313,9.338,8.109,172303.0,002056
2126,2015-06-01,9.578,10.067,10.099,9.441,146593.0,002056
2127,2015-06-02,10.148,10.347,10.429,9.829,140575.0,002056
2128,2015-06-03,10.37,10.308,10.468,9.829,130675.0,002056
2129,2015-06-04,10.32,10.782,10.832,9.78,142332.0,002056
2130,2015-06-05,10.785,10.787,11.549,10.62,143998.0,002056
2131,2015-06-15,11.107,9.984,11.306,9.981,141039.0,002056
2132,2015-06-16,9.922,9.873,9.952,9.261,118111.0,002056
2133,2015-06-17,9.755,10.045,10.139,9.657,76922.0,002056
2134,2015-06-18,9.924,9.421,9.99,9.414,57749.0,002056
2135,2015-06-19,9.204,8.479,9.345,8.479,77010.0,002056
2136,2015-06-23,8.523,9.003,9.095,8.043,79965.0,002056
2137,2015-06-24,9.018,9.03,9.139,8.746,67232.0,002056
2138,2015-06-25,9.077,8.162,9.095,8.127,91576.0,002056
2139,2015-06-26,8.065,7.346,8.088,7.346,105423.0,002056
2140,2015-06-29,7.425,7.286,7.558,6.611,151093.0,002056
2141,2015-06-30,7.187,7.739,7.803,6.559,161705.0,002056
2142,2015-07-01,7.546,7.051,7.954,7.051,115113.0,002056
2143,2015-07-02,7.078,6.348,7.175,6.346,137497.0,002056
2144,2015-07-03,6.274,5.713,6.433,5.713,161005.0,002056
2145,2015-07-06,6.284,5.411,6.284,5.141,214613.0,002056
2146,2015-07-07,5.163,4.869,5.317,4.869,111897.0,002056
2147,2015-07-10,5.356,5.356,5.356,5.356,43223.0,002056
2148,2015-07-13,5.891,5.893,5.893,5.695,173667.0,002056
2149,2015-07-14,6.452,6.482,6.482,6.156,314336.0,002056
2150,2015-07-15,6.188,5.834,6.331,5.834,170879.0,002056
2151,2015-07-16,5.834,5.93,6.175,5.344,149444.0,002056
2152,2015-07-17,5.95,6.395,6.477,5.948,145043.0,002056
2153,2015-07-20,6.395,6.433,6.71,6.289,150878.0,002056
2154,2015-07-21,6.279,6.502,6.603,6.156,125909.0,002056
2155,2015-07-22,6.623,6.707,6.851,6.487,180909.0,002056
2156,2015-07-23,6.687,6.947,7.019,6.687,179823.0,002056
2157,2015-07-24,6.945,6.776,7.133,6.648,173526.0,002056
2158,2015-07-27,6.507,6.099,6.801,6.099,146262.0,002056
2159,2015-07-28,5.888,5.742,6.148,5.49,182316.0,002056
2160,2015-07-29,5.839,6.086,6.086,5.547,118188.0,002056
2161,2015-07-30,6.061,5.74,6.242,5.69,127999.0,002056
2162,2015-07-31,5.685,5.703,5.812,5.554,98138.0,002056
2163,2015-08-03,5.616,5.671,5.688,5.418,115655.0,002056
2164,2015-08-04,5.673,6.086,6.086,5.671,105745.0,002056
2165,2015-08-05,6.057,5.933,6.279,5.888,103187.0,002056
2166,2015-08-06,5.765,6.165,6.395,5.693,166566.0,002056
2167,2015-08-07,6.173,6.353,6.393,6.027,188785.0,002056
2168,2015-08-10,6.383,6.621,6.685,6.299,184384.0,002056
2169,2015-08-11,6.581,6.559,6.791,6.532,159156.0,002056
2170,2015-08-12,6.502,6.366,6.655,6.358,108301.0,002056
2171,2015-08-13,6.358,6.655,6.678,6.294,122877.0,002056
2172,2015-08-14,6.692,6.524,6.789,6.482,132930.0,002056
2173,2015-08-17,6.502,6.678,6.678,6.4,109733.0,002056
2174,2015-08-18,6.685,6.01,6.725,6.01,135689.0,002056
2175,2015-08-19,5.792,6.037,6.148,5.468,123631.0,002056
2176,2015-08-20,5.908,6.64,6.64,5.822,296688.0,002056
2177,2015-08-21,6.306,5.977,6.428,5.977,281937.0,002056
2178,2015-08-24,5.53,5.379,5.614,5.379,72982.0,002056
2179,2015-08-25,4.842,4.842,4.948,4.842,194919.0,002056
2180,2015-08-26,4.869,4.369,5.109,4.369,135914.0,002056
2181,2015-08-27,4.498,4.555,4.577,4.25,105342.0,002056
2182,2015-08-28,4.666,4.958,4.97,4.555,124504.0,002056
2183,2015-08-31,4.824,4.644,4.881,4.644,84660.0,002056
2184,2015-09-01,4.577,4.179,4.602,4.179,96078.0,002056
2185,2015-09-02,3.966,4.434,4.488,3.966,156382.0,002056
2186,2015-09-07,4.446,4.565,4.792,4.446,117895.0,002056
2187,2015-09-08,4.486,4.822,4.829,4.392,88840.0,002056
2188,2015-09-09,4.844,4.973,5.079,4.829,135149.0,002056
2189,2015-09-10,4.886,4.876,5.012,4.839,77075.0,002056
2190,2015-09-11,4.871,4.941,4.993,4.824,61038.0,002056
2191,2015-09-14,4.978,4.446,4.985,4.446,97006.0,002056
2192,2015-09-15,4.367,4.102,4.49,4.008,89192.0,002056
2193,2015-09-16,4.156,4.513,4.513,4.105,94114.0,002056
2194,2015-09-17,4.466,4.448,4.726,4.441,109155.0,002056
2195,2015-09-18,4.503,4.57,4.624,4.451,77085.0,002056
2196,2015-09-21,4.5,4.792,4.792,4.453,86153.0,002056
2197,2015-09-22,4.795,4.763,4.896,4.664,94811.0,002056
2198,2015-09-23,4.664,4.812,4.948,4.649,126146.0,002056
2199,2015-09-24,4.864,4.854,4.891,4.775,76687.0,002056
2200,2015-09-25,4.807,4.565,4.891,4.503,78503.0,002056
2201,2015-09-28,4.622,4.716,4.721,4.453,46925.0,002056
2202,2015-09-29,4.589,4.597,4.674,4.54,51267.0,002056
2203,2015-09-30,4.676,4.691,4.74,4.614,63945.0,002056
2204,2015-10-08,4.923,4.973,5.06,4.844,124254.0,002056
2205,2015-10-09,4.946,5.171,5.215,4.923,108469.0,002056
2206,2015-10-12,5.215,5.381,5.49,5.215,143015.0,002056
2207,2015-10-13,5.339,5.396,5.48,5.299,101765.0,002056
2208,2015-10-14,5.369,5.492,5.685,5.346,157431.0,002056
2209,2015-10-15,5.418,5.624,5.636,5.322,137939.0,002056
2210,2015-10-16,5.676,5.631,5.911,5.468,137350.0,002056
2211,2015-10-19,5.641,5.629,5.68,5.478,120628.0,002056
2212,2015-10-20,5.629,5.839,5.864,5.606,141272.0,002056
2213,2015-10-21,5.779,5.27,5.809,5.255,178455.0,002056
2214,2015-10-22,5.272,5.495,5.535,5.272,110320.0,002056
2215,2015-10-23,5.567,5.69,5.752,5.537,129240.0,002056
2216,2015-10-26,5.789,5.787,5.886,5.695,127488.0,002056
2217,2015-10-27,5.742,5.955,5.975,5.525,120956.0,002056
2218,2015-10-28,5.817,5.626,5.878,5.557,122234.0,002056
2219,2015-10-29,5.668,5.621,5.713,5.542,79929.0,002056
2220,2015-10-30,5.564,5.676,5.757,5.458,92701.0,002056
2221,2015-11-02,5.537,5.544,5.742,5.517,73790.0,002056
2222,2015-11-03,5.549,5.562,5.636,5.455,68341.0,002056
2223,2015-11-04,5.574,5.883,5.888,5.569,128036.0,002056
2224,2015-11-05,5.876,6.002,6.18,5.849,178564.0,002056
2225,2015-11-06,5.977,6.084,6.128,5.977,118529.0,002056
2226,2015-11-09,6.032,6.104,6.22,5.888,176701.0,002056
2227,2015-11-10,6.061,6.554,6.556,6.037,212437.0,002056
2228,2015-11-11,6.433,6.415,6.504,6.314,155033.0,002056
2229,2015-11-12,6.447,6.554,6.791,6.42,210302.0,002056
2230,2015-11-13,6.435,6.292,6.477,6.205,143182.0,002056
2231,2015-11-16,6.433,6.796,6.851,6.287,235199.0,002056
2232,2015-11-17,6.952,6.705,7.049,6.68,307617.0,002056
2233,2015-11-18,6.702,6.433,6.769,6.371,139550.0,002056
2234,2015-11-19,6.457,6.762,6.772,6.45,123050.0,002056
2235,2015-11-20,6.754,6.781,6.895,6.687,161875.0,002056
2236,2015-11-23,6.762,6.64,6.779,6.546,131104.0,002056
2237,2015-11-24,6.65,6.645,6.655,6.457,81121.0,002056
2238,2015-11-25,6.633,6.843,6.947,6.633,162202.0,002056
2239,2015-11-26,6.922,6.821,7.051,6.749,168661.0,002056
2240,2015-11-27,6.927,6.386,6.994,6.21,167167.0,002056
2241,2015-11-30,6.388,6.341,6.482,5.878,128445.0,002056
2242,2015-12-01,6.309,6.492,6.556,6.19,121828.0,002056
2243,2015-12-02,6.475,6.284,6.522,6.061,86559.0,002056
2244,2015-12-03,6.269,6.467,6.48,6.242,74816.0,002056
2245,2015-12-04,6.433,6.378,6.46,6.227,78605.0,002056
2246,2015-12-07,6.366,6.457,6.522,6.358,77325.0,002056
2247,2015-12-08,6.452,6.185,6.457,6.185,84118.0,002056
2248,2015-12-09,6.16,6.203,6.321,6.094,62732.0,002056
2249,2015-12-10,6.222,6.153,6.264,6.136,51298.0,002056
2250,2015-12-11,6.19,6.23,6.457,6.138,90847.0,002056
2251,2015-12-14,6.148,6.324,6.346,6.064,64675.0,002056
2252,2015-12-15,6.314,6.507,6.581,6.309,115148.0,002056
2253,2015-12-16,6.504,6.772,6.781,6.46,155717.0,002056
2254,2015-12-17,6.779,7.195,7.422,6.779,250020.0,002056
2255,2015-12-18,7.175,7.422,7.521,7.002,234646.0,002056
2256,2015-12-21,7.595,7.36,7.793,7.187,273084.0,002056
2257,2015-12-22,7.279,7.383,7.489,7.158,171505.0,002056
2258,2015-12-23,7.385,7.073,7.42,7.066,134764.0,002056
2259,2015-12-24,7.051,7.125,7.207,7.024,110207.0,002056
2260,2015-12-25,7.125,7.12,7.195,7.031,81086.0,002056
2261,2015-12-28,7.175,6.722,7.289,6.722,131195.0,002056
2262,2015-12-29,6.754,6.952,6.999,6.717,108048.0,002056
2263,2015-12-30,6.962,6.96,7.002,6.819,74243.0,002056
2264,2015-12-31,6.979,6.955,7.17,6.942,102192.0,002056
2265,2016-01-04,6.905,6.259,6.922,6.259,90628.0,002056
2266,2016-01-05,6.061,6.061,6.304,5.695,112464.0,002056
2267,2016-01-06,6.057,6.235,6.264,6.054,88194.0,002056
2268,2016-01-07,6.037,5.616,6.084,5.611,27415.0,002056
2269,2016-01-08,5.772,5.596,5.784,5.22,92094.0,002056
2270,2016-01-11,5.47,5.146,5.7,5.097,96893.0,002056
2271,2016-01-12,5.245,5.267,5.307,5.052,87444.0,002056
2272,2016-01-13,5.29,4.998,5.369,4.968,73334.0,002056
2273,2016-01-14,4.849,5.26,5.307,4.755,80160.0,002056
2274,2016-01-15,5.21,5.052,5.344,4.98,81036.0,002056
2275,2016-01-18,4.923,5.203,5.312,4.869,66244.0,002056
2276,2016-01-19,5.196,5.463,5.475,5.193,83517.0,002056
2277,2016-01-20,5.431,5.525,5.552,5.319,85670.0,002056
2278,2016-01-21,5.413,5.196,5.562,5.186,82525.0,002056
2279,2016-01-22,5.344,5.299,5.369,5.119,79601.0,002056
2280,2016-01-25,5.403,5.319,5.406,5.272,58381.0,002056
2281,2016-01-26,5.215,4.787,5.265,4.787,89031.0,002056
2282,2016-01-27,4.8,4.691,4.864,4.429,66163.0,002056
2283,2016-01-28,4.674,4.52,4.777,4.483,55752.0,002056
2284,2016-01-29,4.528,4.721,4.795,4.523,61769.0,002056
2285,2016-02-01,4.765,4.691,4.797,4.597,56924.0,002056
2286,2016-02-02,4.688,4.854,4.891,4.688,51746.0,002056
2287,2016-02-03,4.775,4.842,4.894,4.713,42675.0,002056
2288,2016-02-04,4.862,4.946,5.022,4.862,54401.0,002056
2289,2016-02-05,4.926,4.837,5.151,4.824,37025.0,002056
2290,2016-02-15,4.701,4.862,4.933,4.646,49050.0,002056
2291,2016-02-16,4.869,5.126,5.129,4.869,78020.0,002056
2292,2016-02-17,5.116,5.186,5.191,5.055,67350.0,002056
2293,2016-02-18,5.213,5.121,5.267,5.121,72368.0,002056
2294,2016-02-19,5.107,5.144,5.196,5.097,44473.0,002056
2295,2016-02-22,5.245,5.359,5.398,5.22,90325.0,002056
2296,2016-02-23,5.359,5.319,5.458,5.24,88173.0,002056
2297,2016-02-24,5.272,5.396,5.413,5.201,92019.0,002056
2298,2016-02-25,5.344,4.867,5.354,4.857,102219.0,002056
2299,2016-02-26,4.931,4.975,5.032,4.8,71246.0,002056
2300,2016-02-29,4.852,4.478,4.869,4.478,107442.0,002056
2301,2016-03-01,4.429,4.54,4.597,4.332,76086.0,002056
2302,2016-03-02,4.523,4.824,4.862,4.515,101910.0,002056
2303,2016-03-03,4.8,4.839,4.946,4.775,103574.0,002056
2304,2016-03-04,4.795,4.631,4.871,4.53,79969.0,002056
2305,2016-03-07,4.683,4.755,4.822,4.678,49448.0,002056
2306,2016-03-08,4.755,4.795,4.812,4.552,71384.0,002056
2307,2016-03-09,4.651,4.664,4.728,4.629,38367.0,002056
2308,2016-03-10,4.688,4.589,4.718,4.584,31773.0,002056
2309,2016-03-11,4.528,4.58,4.636,4.523,30474.0,002056
2310,2016-03-14,4.651,4.797,4.864,4.639,68659.0,002056
2311,2016-03-15,4.787,4.795,4.891,4.753,51429.0,002056
2312,2016-03-16,4.824,4.696,4.874,4.664,50806.0,002056
2313,2016-03-17,4.738,4.946,4.946,4.708,89815.0,002056
2314,2016-03-18,4.946,5.114,5.178,4.938,132532.0,002056
2315,2016-03-21,5.191,5.21,5.359,5.158,107823.0,002056
2316,2016-03-22,5.171,5.213,5.265,5.129,85031.0,002056
2317,2016-03-23,5.196,5.391,5.535,5.166,149159.0,002056
2318,2016-03-24,5.356,5.586,5.777,5.262,181323.0,002056
2319,2016-03-25,5.542,5.73,5.826,5.52,185302.0,002056
2320,2016-03-28,5.789,6.096,6.304,5.73,352730.0,002056
2321,2016-03-29,5.975,5.616,6.044,5.495,229762.0,002056
2322,2016-03-30,5.742,5.794,5.883,5.522,302334.0,002056
2323,2016-03-31,5.752,5.891,5.982,5.745,227356.0,002056
2324,2016-04-01,5.839,6.106,6.106,5.802,185519.0,002056
2325,2016-04-05,6.185,6.116,6.227,6.029,199853.0,002056
2326,2016-04-06,6.076,6.173,6.215,5.982,170289.0,002056
2327,2016-04-07,6.175,5.945,6.198,5.945,129216.0,002056
2328,2016-04-08,5.886,5.955,6.076,5.814,110318.0,002056
2329,2016-04-11,6.024,6.188,6.289,6.017,158146.0,002056
2330,2016-04-12,6.151,6.012,6.183,5.935,111027.0,002056
2331,2016-04-13,6.049,6.19,6.477,6.037,210672.0,002056
2332,2016-04-14,6.237,6.252,6.329,6.16,113736.0,002056
2333,2016-04-15,6.383,6.306,6.472,6.259,139053.0,002056
2334,2016-04-18,6.222,6.173,6.254,6.141,97895.0,002056
2335,2016-04-19,6.235,6.507,6.514,6.227,179987.0,002056
2336,2016-04-20,6.507,6.606,6.853,6.237,284486.0,002056
2337,2016-04-21,6.46,6.863,7.249,6.413,307667.0,002056
2338,2016-04-22,6.608,6.613,6.739,6.435,142573.0,002056
2339,2016-04-25,6.551,6.621,6.816,6.482,109558.0,002056
2340,2016-04-26,6.569,6.65,6.65,6.48,87890.0,002056
2341,2016-04-27,6.655,6.791,6.947,6.626,152896.0,002056
2342,2016-04-28,6.873,6.754,6.873,6.452,136405.0,002056
2343,2016-04-29,6.801,6.856,6.997,6.732,132541.0,002056
2344,2016-05-03,6.913,7.135,7.165,6.804,179327.0,002056
2345,2016-05-04,7.076,7.054,7.192,6.952,162872.0,002056
2346,2016-05-05,7.051,7.101,7.115,6.878,174471.0,002056
2347,2016-05-06,7.076,6.558,7.265,6.528,555653.0,002056
2348,2016-05-09,6.368,5.9,6.373,5.9,359629.0,002056
2349,2016-05-10,5.86,5.855,6.015,5.84,223101.0,002056
2350,2016-05-11,5.945,5.865,6.089,5.845,244132.0,002056
2351,2016-05-12,5.731,6.184,6.194,5.606,372668.0,002056
2352,2016-05-13,6.099,6.294,6.458,6.064,349728.0,002056
2353,2016-05-16,6.229,6.852,6.872,6.164,387773.0,002056
2354,2016-05-17,6.857,6.617,7.215,6.558,668376.0,002056
2355,2016-05-18,6.473,6.667,6.767,6.244,473014.0,002056
2356,2016-05-19,6.543,7.001,7.176,6.508,611957.0,002056
2357,2016-05-20,6.867,6.961,7.31,6.827,525649.0,002056
2358,2016-05-23,6.981,7.021,7.106,6.832,376898.0,002056
2359,2016-05-24,7.066,7.27,7.405,7.001,607007.0,002056
2360,2016-05-25,7.285,6.991,7.355,6.902,453554.0,002056
2361,2016-05-26,6.882,7.445,7.549,6.782,684691.0,002056
2362,2016-05-27,7.335,7.22,7.569,7.2,599309.0,002056
2363,2016-05-30,7.101,7.061,7.27,6.961,336597.0,002056
2364,2016-05-31,7.061,7.494,7.619,7.061,592490.0,002056
2365,2016-06-01,7.425,7.569,7.823,7.375,731968.0,002056
2366,2016-06-02,7.475,7.544,7.604,7.43,420160.0,002056
2367,2016-06-03,7.544,7.475,7.764,7.475,397566.0,002056
2368,2016-06-06,7.534,7.599,7.644,7.365,327072.0,002056
2369,2016-06-07,7.574,7.689,7.918,7.559,573058.0,002056
2370,2016-06-08,7.594,7.514,7.659,7.375,370182.0,002056
2371,2016-06-13,7.375,6.926,7.549,6.852,312294.0,002056
2372,2016-06-14,6.897,6.991,7.121,6.877,224288.0,002056
2373,2016-06-15,6.882,7.554,7.604,6.882,420784.0,002056
2374,2016-06-16,7.913,8.312,8.312,7.754,505629.0,002056
2375,2016-06-17,8.476,8.172,8.546,8.063,759621.0,002056
2376,2016-06-20,8.157,8.735,8.95,8.097,701164.0,002056
2377,2016-06-21,8.71,8.591,8.945,8.456,600179.0,002056
2378,2016-06-22,8.566,8.596,8.661,8.247,384090.0,002056
2379,2016-06-23,8.546,8.322,8.546,8.282,320761.0,002056
2380,2016-06-24,8.322,8.177,8.531,7.674,398953.0,002056
2381,2016-06-27,8.177,8.72,8.72,8.167,419868.0,002056
2382,2016-06-28,8.745,8.815,9.019,8.626,460182.0,002056
2383,2016-06-29,8.895,8.775,8.959,8.67,366728.0,002056
2384,2016-06-30,8.71,8.471,8.755,8.416,352983.0,002056
2385,2016-07-01,8.461,8.401,8.611,8.327,220758.0,002056
2386,2016-07-04,8.322,8.536,8.621,8.252,262618.0,002056
2387,2016-07-05,8.536,8.546,8.621,8.371,300457.0,002056
2388,2016-07-06,8.486,8.431,8.506,8.367,204154.0,002056
2389,2016-07-07,8.431,8.775,8.92,8.396,525282.0,002056
2390,2016-07-08,8.755,8.631,8.82,8.621,281354.0,002056
2391,2016-07-11,8.606,8.526,8.865,8.476,299492.0,002056
2392,2016-07-12,8.511,8.566,8.656,8.337,264729.0,002056
2393,2016-07-13,8.581,8.511,8.67,8.421,234521.0,002056
2394,2016-07-14,8.511,8.411,8.511,8.371,173865.0,002056
2395,2016-07-15,8.371,8.396,8.506,8.327,150345.0,002056
2396,2016-07-18,8.396,8.272,8.446,8.227,154737.0,002056
2397,2016-07-19,8.272,8.197,8.272,8.048,197210.0,002056
2398,2016-07-20,8.202,8.322,8.396,8.202,157988.0,002056
2399,2016-07-21,8.262,8.237,8.352,8.202,126188.0,002056
2400,2016-07-22,8.252,8.177,8.302,8.162,119230.0,002056
2401,2016-07-25,8.142,8.087,8.197,8.053,129956.0,002056
2402,2016-07-26,8.122,8.132,8.167,8.073,116127.0,002056
2403,2016-07-27,8.182,7.719,8.277,7.554,251310.0,002056
2404,2016-07-28,7.649,7.529,7.724,7.325,216029.0,002056
2405,2016-07-29,7.529,7.27,7.549,7.245,188346.0,002056
2406,2016-08-01,7.275,7.4,7.524,6.996,169331.0,002056
2407,2016-08-02,7.375,7.4,7.435,7.305,87466.0,002056
2408,2016-08-03,7.395,7.415,7.485,7.355,92531.0,002056
2409,2016-08-04,7.41,7.549,7.594,7.375,149985.0,002056
2410,2016-08-05,7.524,7.36,7.549,7.355,124126.0,002056
2411,2016-08-08,7.3,7.4,7.42,7.156,85039.0,002056
2412,2016-08-09,7.4,7.574,7.749,7.4,188889.0,002056
2413,2016-08-10,7.539,7.539,7.624,7.489,126814.0,002056
2414,2016-08-11,7.499,7.305,7.564,7.285,107542.0,002056
2415,2016-08-12,7.3,7.39,7.44,7.285,87515.0,002056
2416,2016-08-15,7.415,7.584,7.634,7.33,183497.0,002056
2417,2016-08-16,7.674,7.624,7.714,7.569,157372.0,002056
2418,2016-08-17,7.589,7.574,7.614,7.489,118571.0,002056
2419,2016-08-18,7.534,7.569,7.624,7.519,103368.0,002056
2420,2016-08-19,7.564,7.649,7.699,7.529,165270.0,002056
2421,2016-08-22,7.644,7.45,7.649,7.43,127146.0,002056
2422,2016-08-23,7.494,7.485,7.544,7.425,78850.0,002056
2423,2016-08-24,7.485,7.519,7.569,7.475,69524.0,002056
2424,2016-08-25,7.514,7.833,7.873,7.41,354045.0,002056
2425,2016-08-26,8.063,7.764,8.142,7.744,335797.0,002056
2426,2016-08-29,7.684,7.694,7.719,7.609,121172.0,002056
2427,2016-08-30,7.699,7.674,7.739,7.629,89965.0,002056
2428,2016-08-31,7.699,7.788,7.863,7.654,142134.0,002056
2429,2016-09-01,7.774,7.574,7.774,7.564,155819.0,002056
2430,2016-09-02,7.549,7.375,7.549,7.375,153349.0,002056
2431,2016-09-05,7.41,7.44,7.46,7.375,68985.0,002056
2432,2016-09-06,7.45,7.699,7.704,7.405,167336.0,002056
2433,2016-09-07,7.699,7.674,7.808,7.604,164995.0,002056
2434,2016-09-08,7.674,7.699,7.739,7.614,104129.0,002056
2435,2016-09-09,7.724,7.649,7.764,7.644,123782.0,002056
2436,2016-09-12,7.475,7.27,7.514,7.26,159988.0,002056
2437,2016-09-13,7.33,7.355,7.385,7.26,86063.0,002056
2438,2016-09-14,7.305,7.33,7.35,7.265,70942.0,002056
2439,2016-09-19,7.345,7.405,7.494,7.345,76658.0,002056
2440,2016-09-20,7.385,7.42,7.435,7.355,56681.0,002056
2441,2016-09-21,7.39,7.435,7.455,7.39,61649.0,002056
2442,2016-09-22,7.494,7.45,7.534,7.435,93470.0,002056
2443,2016-09-23,7.47,7.44,7.544,7.38,86076.0,002056
2444,2016-09-26,7.39,7.136,7.42,7.126,99082.0,002056
2445,2016-09-27,7.156,7.21,7.21,7.086,48709.0,002056
2446,2016-09-28,7.255,7.191,7.27,7.166,43969.0,002056
2447,2016-09-29,7.205,7.141,7.245,7.131,64454.0,002056
2448,2016-09-30,7.166,7.191,7.21,7.146,51170.0,002056
2449,2016-10-10,7.25,7.4,7.405,7.245,84144.0,002056
2450,2016-10-11,7.375,7.38,7.42,7.325,94592.0,002056
2451,2016-10-12,7.335,7.355,7.405,7.31,75793.0,002056
2452,2016-10-13,7.36,7.485,7.514,7.325,144600.0,002056
2453,2016-10-14,7.445,7.44,7.504,7.38,70814.0,002056
2454,2016-10-17,7.44,7.35,7.539,7.325,88309.0,002056
2455,2016-10-18,7.33,7.504,7.539,7.325,121043.0,002056
2456,2016-10-19,7.554,7.41,7.574,7.375,117459.0,002056
2457,2016-10-20,7.41,7.524,7.524,7.4,111418.0,002056
2458,2016-10-21,7.549,7.689,7.709,7.489,301053.0,002056
2459,2016-10-24,7.614,7.624,7.649,7.529,194207.0,002056
2460,2016-10-25,7.629,7.569,7.629,7.544,119243.0,002056
2461,2016-10-26,7.579,7.45,7.594,7.425,124166.0,002056
2462,2016-10-27,7.435,7.485,7.489,7.425,65519.0,002056
2463,2016-10-28,7.455,7.3,7.475,7.3,118849.0,002056
2464,2016-10-31,7.3,7.285,7.335,7.25,66186.0,002056
2465,2016-11-01,7.315,7.33,7.345,7.27,68733.0,002056
2466,2016-11-02,7.325,7.435,7.524,7.275,171958.0,002056
2467,2016-11-03,7.375,7.509,7.624,7.375,251187.0,002056
2468,2016-11-04,7.48,7.46,7.574,7.41,187104.0,002056
2469,2016-11-07,7.42,7.375,7.455,7.325,104997.0,002056
2470,2016-11-08,7.41,7.365,7.43,7.34,79642.0,002056
2471,2016-11-09,7.37,7.26,7.4,7.21,110412.0,002056
2472,2016-11-10,7.31,7.31,7.375,7.295,83816.0,002056
2473,2016-11-11,7.31,7.425,7.455,7.285,147525.0,002056
2474,2016-11-14,7.375,7.395,7.445,7.355,96463.0,002056
2475,2016-11-15,7.405,7.435,7.455,7.375,92256.0,002056
2476,2016-11-16,7.435,7.455,7.504,7.4,110811.0,002056
2477,2016-11-17,7.44,7.365,7.445,7.33,90870.0,002056
2478,2016-11-18,7.365,7.285,7.38,7.27,89068.0,002056
2479,2016-11-21,7.29,7.28,7.34,7.255,68153.0,002056
2480,2016-11-22,7.285,7.425,7.44,7.275,119873.0,002056
2481,2016-11-23,7.539,7.415,7.589,7.41,211805.0,002056
2482,2016-11-24,7.43,7.315,7.445,7.3,90554.0,002056
2483,2016-11-25,7.31,7.38,7.39,7.24,70224.0,002056
2484,2016-11-28,7.4,7.375,7.42,7.355,74643.0,002056
2485,2016-11-29,7.38,7.285,7.395,7.28,81486.0,002056
2486,2016-11-30,7.29,7.305,7.325,7.275,63523.0,002056
2487,2016-12-01,7.325,7.305,7.34,7.265,59150.0,002056
2488,2016-12-02,7.3,7.091,7.33,7.081,100166.0,002056
2489,2016-12-05,7.051,7.156,7.235,6.956,68526.0,002056
2490,2016-12-06,7.156,7.186,7.255,7.116,51931.0,002056
2491,2016-12-07,7.156,7.205,7.22,7.101,61751.0,002056
2492,2016-12-08,7.191,7.116,7.205,7.106,47336.0,002056
2493,2016-12-09,7.111,7.071,7.146,7.061,39139.0,002056
2494,2016-12-12,7.066,6.523,7.096,6.488,124587.0,002056
2495,2016-12-13,6.518,6.423,6.573,6.264,108675.0,002056
2496,2016-12-14,6.453,6.314,6.453,6.254,65384.0,002056
2497,2016-12-15,6.328,6.393,6.463,6.323,55830.0,002056
2498,2016-12-16,6.388,6.458,6.468,6.378,49193.0,002056
2499,2016-12-19,6.453,6.573,6.622,6.453,69465.0,002056
2500,2016-12-20,6.622,6.608,6.627,6.528,61413.0,002056
2501,2016-12-21,6.608,6.807,6.867,6.608,99647.0,002056
2502,2016-12-22,6.707,7.071,7.081,6.707,212764.0,002056
2503,2016-12-23,7.081,6.966,7.086,6.872,112181.0,002056
2504,2016-12-26,6.892,7.101,7.121,6.892,85985.0,002056
2505,2016-12-27,7.096,7.001,7.096,6.941,84741.0,002056
2506,2016-12-28,7.051,6.946,7.051,6.877,69337.0,002056
2507,2016-12-29,6.946,6.981,7.031,6.877,54200.0,002056
2508,2016-12-30,6.956,6.931,7.021,6.911,45172.0,002056
2509,2017-01-03,6.931,6.981,7.011,6.911,44817.0,002056
2510,2017-01-04,6.981,7.026,7.101,6.921,75509.0,002056
2511,2017-01-05,7.011,7.096,7.106,6.996,105735.0,002056
2512,2017-01-06,7.121,6.926,7.146,6.926,82281.0,002056
2513,2017-01-09,6.897,6.946,6.976,6.897,37445.0,002056
2514,2017-01-10,6.931,6.996,7.051,6.926,43735.0,002056
2515,2017-01-11,7.106,6.906,7.111,6.906,75041.0,002056
2516,2017-01-12,6.911,6.612,6.941,6.593,107418.0,002056
2517,2017-01-13,6.627,6.593,6.702,6.588,54473.0,002056
2518,2017-01-16,6.568,6.463,6.632,6.289,79585.0,002056
2519,2017-01-17,6.488,6.573,6.583,6.378,37465.0,002056
2520,2017-01-18,6.573,6.503,6.578,6.503,30659.0,002056
2521,2017-01-19,6.493,6.463,6.543,6.458,25334.0,002056
2522,2017-01-20,6.453,6.563,6.588,6.428,38757.0,002056
2523,2017-01-23,6.573,6.687,6.737,6.558,47157.0,002056
2524,2017-01-24,6.667,6.747,6.757,6.617,51140.0,002056
2525,2017-01-25,6.727,6.742,6.802,6.692,30469.0,002056
2526,2017-01-26,6.747,6.862,6.976,6.732,55654.0,002056
2527,2017-02-03,6.887,6.862,6.921,6.777,39019.0,002056
2528,2017-02-06,6.827,6.867,6.926,6.827,51317.0,002056
2529,2017-02-07,6.852,6.767,6.877,6.732,66186.0,002056
2530,2017-02-08,6.757,6.847,6.847,6.742,56234.0,002056
2531,2017-02-09,6.837,6.921,6.951,6.817,75854.0,002056
2532,2017-02-10,6.911,6.882,6.931,6.837,47434.0,002056
2533,2017-02-13,6.926,6.961,6.996,6.887,71827.0,002056
2534,2017-02-14,6.946,7.011,7.026,6.872,76320.0,002056
2535,2017-02-15,6.971,6.832,6.986,6.817,75427.0,002056
2536,2017-02-16,6.852,6.976,7.006,6.847,115211.0,002056
2537,2017-02-17,6.961,6.882,6.986,6.872,77811.0,002056
2538,2017-02-20,6.872,6.911,6.936,6.852,49259.0,002056
2539,2017-02-21,6.946,6.971,6.991,6.921,67281.0,002056
2540,2017-02-22,6.976,7.031,7.056,6.951,92331.0,002056
2541,2017-02-23,7.011,7.081,7.086,6.936,103424.0,002056
2542,2017-02-24,7.051,7.066,7.126,7.026,84847.0,002056
2543,2017-02-27,7.066,6.966,7.091,6.946,58437.0,002056
2544,2017-02-28,6.986,7.006,7.061,6.956,46462.0,002056
2545,2017-03-01,7.001,7.086,7.101,6.981,82551.0,002056
2546,2017-03-02,7.101,7.131,7.265,7.101,156837.0,002056
2547,2017-03-03,7.126,7.325,7.34,7.051,200057.0,002056
2548,2017-03-06,7.335,7.315,7.415,7.255,174075.0,002056
2549,2017-03-07,7.305,7.375,7.38,7.235,123254.0,002056
2550,2017-03-08,7.425,7.31,7.465,7.27,110890.0,002056
2551,2017-03-09,7.275,7.166,7.295,7.136,98092.0,002056
2552,2017-03-10,7.166,7.225,7.255,7.136,65409.0,002056
2553,2017-03-13,7.22,7.33,7.345,7.096,127883.0,002056
2554,2017-03-14,7.33,7.196,7.42,7.186,114367.0,002056
2555,2017-03-15,7.4,7.654,7.863,7.33,480685.0,002056
2556,2017-03-16,7.659,7.734,7.788,7.564,312501.0,002056
2557,2017-03-17,7.719,7.793,7.953,7.659,334182.0,002056
2558,2017-03-20,7.798,8.048,8.112,7.793,334190.0,002056
2559,2017-03-21,8.023,7.943,8.142,7.903,240481.0,002056
2560,2017-03-22,7.893,8.008,8.048,7.838,206722.0,002056
2561,2017-03-23,7.968,7.908,8.048,7.734,200009.0,002056
2562,2017-03-24,7.868,7.923,8.023,7.798,154270.0,002056
2563,2017-03-27,7.923,8.003,8.068,7.838,212944.0,002056
2564,2017-03-28,7.938,7.813,7.938,7.739,199315.0,002056
2565,2017-03-29,7.793,7.734,7.893,7.724,127638.0,002056
2566,2017-03-30,7.724,7.744,7.818,7.634,141351.0,002056
2567,2017-03-31,7.729,7.943,8.003,7.719,191699.0,002056
2568,2017-04-05,7.963,8.192,8.342,7.943,280580.0,002056
2569,2017-04-06,8.177,8.396,8.411,8.112,322253.0,002056
2570,2017-04-07,8.352,8.292,8.541,8.202,286574.0,002056
2571,2017-04-10,8.222,8.127,8.292,8.033,174686.0,002056
2572,2017-04-11,8.097,8.386,8.391,8.073,186525.0,002056
2573,2017-04-12,8.327,8.147,8.327,8.127,117726.0,002056
2574,2017-04-13,8.117,8.087,8.202,8.053,82551.0,002056
2575,2017-04-14,8.033,7.978,8.142,7.793,134319.0,002056
2576,2017-04-17,7.878,7.828,7.968,7.774,77908.0,002056
2577,2017-04-18,7.873,7.833,7.948,7.833,65463.0,002056
2578,2017-04-19,7.828,7.729,7.833,7.519,108765.0,002056
2579,2017-04-20,7.724,7.714,7.813,7.599,80560.0,002056
2580,2017-04-21,7.714,7.734,7.818,7.684,58149.0,002056
2581,2017-04-24,7.684,7.32,7.719,7.255,111017.0,002056
2582,2017-04-25,7.375,7.24,7.504,7.235,74749.0,002056
2583,2017-04-26,6.8,6.53,6.98,6.52,565728.0,002056
2584,2017-04-27,6.56,6.7,6.87,6.4,362276.0,002056
2585,2017-04-28,6.62,6.59,6.76,6.55,236421.0,002056
2586,2017-05-02,6.6,6.38,6.61,6.31,272852.0,002056
2587,2017-05-03,6.36,6.47,6.49,6.32,173910.0,002056
2588,2017-05-04,6.43,6.67,6.78,6.36,315470.0,002056
2589,2017-05-05,6.65,7.34,7.34,6.59,923150.0,002056
2590,2017-05-08,7.35,7.26,7.75,7.24,1055312.0,002056
2591,2017-05-09,7.05,7.46,7.56,6.8,711909.0,002056
2592,2017-05-10,7.38,7.15,7.54,7.09,466589.0,002056
2593,2017-05-11,7.06,7.36,7.43,6.81,394776.0,002056
2594,2017-05-12,7.29,7.18,7.38,7.05,313446.0,002056
2595,2017-05-15,7.17,7.1,7.22,7.02,217684.0,002056
2596,2017-05-16,7.09,7.35,7.38,6.83,445540.0,002056
2597,2017-05-17,7.25,7.29,7.45,7.21,342234.0,002056
2598,2017-05-18,7.2,7.02,7.25,7.0,280893.0,002056
2599,2017-05-19,7.06,7.0,7.14,6.96,162128.0,002056
2600,2017-05-22,7.0,6.7,7.06,6.61,305171.0,002056
2601,2017-05-23,6.62,6.47,6.79,6.41,188287.0,002056
2602,2017-05-24,6.43,6.79,6.85,6.39,257830.0,002056
2603,2017-05-25,6.77,6.94,6.99,6.66,237907.0,002056
2604,2017-05-26,6.92,6.9,7.06,6.86,144595.0,002056
2605,2017-05-31,7.0,6.82,7.05,6.81,119719.0,002056
2606,2017-06-01,6.83,6.64,6.88,6.56,137331.0,002056
2607,2017-06-02,6.67,6.74,6.76,6.51,149262.0,002056
2608,2017-06-05,6.76,6.74,6.81,6.71,105072.0,002056
2609,2017-06-06,6.72,6.71,6.74,6.62,94488.0,002056
2610,2017-06-07,6.7,6.94,6.99,6.67,308766.0,002056
2611,2017-06-08,6.9,6.87,6.97,6.82,217361.0,002056
2612,2017-06-09,6.88,6.8,6.92,6.76,143903.0,002056
2613,2017-06-12,6.75,6.64,6.79,6.63,145145.0,002056
2614,2017-06-13,6.85,6.8,6.85,6.63,171105.0,002056
2615,2017-06-14,6.78,6.81,6.95,6.74,205348.0,002056
2616,2017-06-15,6.77,6.83,6.89,6.74,155335.0,002056
2617,2017-06-16,6.81,6.89,6.92,6.75,191256.0,002056
2618,2017-06-19,6.93,6.91,6.94,6.85,158283.0,002056
2619,2017-06-20,6.95,7.6,7.6,6.92,600442.0,002056
2620,2017-06-21,7.74,7.82,7.97,7.52,1229881.0,002056
2621,2017-06-22,7.68,7.68,7.95,7.6,921315.0,002056
2622,2017-06-23,7.54,7.63,7.75,7.37,592030.0,002056
2623,2017-06-26,7.54,7.63,7.71,7.45,462563.0,002056
2624,2017-06-27,7.63,7.5,7.69,7.45,357364.0,002056
2625,2017-06-28,7.49,7.53,7.65,7.44,355077.0,002056
2626,2017-06-29,7.51,7.56,7.58,7.45,239894.0,002056
2627,2017-06-30,7.53,7.5,7.54,7.36,273635.0,002056
2628,2017-07-03,7.51,7.8,7.83,7.43,496078.0,002056
2629,2017-07-04,7.79,7.64,7.8,7.6,353131.0,002056
2630,2017-07-05,7.64,7.79,7.85,7.5,460261.0,002056
2631,2017-07-06,7.75,8.08,8.16,7.63,848387.0,002056
2632,2017-07-07,8.01,8.31,8.49,7.94,833806.0,002056
2633,2017-07-10,8.25,8.11,8.56,8.08,703505.0,002056
2634,2017-07-11,8.31,7.89,8.42,7.84,550157.0,002056
2635,2017-07-12,7.92,8.1,8.1,7.8,395760.0,002056
2636,2017-07-13,8.12,8.38,8.48,8.0,740734.0,002056
2637,2017-07-14,8.26,8.27,8.33,8.13,349839.0,002056
2638,2017-07-17,8.3,7.66,8.3,7.48,535168.0,002056
2639,2017-07-18,7.65,7.86,7.89,7.63,265907.0,002056
2640,2017-07-19,7.85,8.18,8.26,7.75,415082.0,002056
2641,2017-07-20,8.16,8.24,8.39,8.08,552618.0,002056
2642,2017-07-21,8.19,8.12,8.33,8.08,376924.0,002056
2643,2017-07-24,8.11,8.28,8.34,8.05,407459.0,002056
2644,2017-07-25,8.25,8.64,8.83,8.22,883218.0,002056
2645,2017-07-26,8.6,9.16,9.31,8.41,1157270.0,002056
2646,2017-07-27,9.01,9.13,9.63,8.97,1252849.0,002056
2647,2017-07-28,9.01,9.55,9.85,8.91,1139960.0,002056
2648,2017-07-31,9.6,9.67,9.87,9.4,1072952.0,002056
2649,2017-08-01,9.57,9.27,9.57,9.17,811609.0,002056
2650,2017-08-02,9.24,9.1,9.45,9.05,732047.0,002056
2651,2017-08-03,9.05,9.29,9.37,9.02,542574.0,002056
2652,2017-08-04,9.24,8.83,9.4,8.79,670336.0,002056
2653,2017-08-07,8.84,9.2,9.24,8.84,472771.0,002056
2654,2017-08-08,9.22,9.21,9.49,9.09,673649.0,002056
2655,2017-08-09,9.09,9.65,9.79,9.01,918972.0,002056
2656,2017-08-10,9.43,9.46,9.66,9.3,804398.0,002056
2657,2017-08-11,9.3,8.85,9.3,8.8,637800.0,002056
2658,2017-08-14,8.87,9.1,9.18,8.85,309972.0,002056
2659,2017-08-15,9.08,9.18,9.35,9.03,357998.0,002056
2660,2017-08-16,9.11,8.9,9.15,8.8,421787.0,002056
2661,2017-08-17,9.0,8.92,9.06,8.82,305395.0,002056
2662,2017-08-18,8.8,8.54,8.87,8.48,475207.0,002056
2663,2017-08-21,8.6,8.77,8.87,8.6,313771.0,002056
2664,2017-08-22,8.76,8.82,8.91,8.59,367085.0,002056
2665,2017-08-23,8.8,8.62,8.83,8.58,244089.0,002056
2666,2017-08-24,8.59,8.43,8.66,8.41,219069.0,002056
2667,2017-08-25,8.46,8.6,8.66,8.46,219975.0,002056
2668,2017-08-28,8.63,8.69,8.76,8.58,270149.0,002056
2669,2017-08-29,8.72,8.71,8.91,8.65,270564.0,002056
2670,2017-08-30,8.71,8.83,8.86,8.67,254891.0,002056
2671,2017-08-31,8.91,9.11,9.25,8.91,630627.0,002056
2672,2017-09-01,9.1,9.24,9.34,9.01,579668.0,002056
2673,2017-09-04,9.27,9.3,9.38,9.11,498973.0,002056
2674,2017-09-05,9.26,9.13,9.26,9.11,310954.0,002056
2675,2017-09-06,9.02,9.45,9.54,9.01,817733.0,002056
2676,2017-09-07,9.65,10.4,10.4,9.58,1808276.0,002056
2677,2017-09-08,10.4,11.44,11.44,10.17,2216944.0,002056
2678,2017-09-11,11.8,12.3,12.58,11.18,2666879.0,002056
2679,2017-09-12,12.06,11.88,12.88,11.81,2385801.0,002056
2680,2017-09-13,11.85,12.13,12.25,11.72,1410411.0,002056
2681,2017-09-14,12.1,11.7,12.1,11.46,1425039.0,002056
2682,2017-09-15,11.73,11.59,11.8,11.3,970907.0,002056
2683,2017-09-18,11.58,11.68,11.78,11.46,764239.0,002056
2684,2017-09-19,11.69,12.28,12.46,11.53,1748302.0,002056
2685,2017-09-20,12.0,12.19,12.28,11.76,1150583.0,002056
2686,2017-09-21,12.0,11.09,12.07,11.06,1258668.0,002056
2687,2017-09-22,11.21,11.26,11.67,11.17,792198.0,002056
2688,2017-09-25,11.28,10.83,11.35,10.76,593964.0,002056
2689,2017-09-26,10.88,10.96,11.09,10.81,411432.0,002056
2690,2017-09-27,10.96,11.13,11.26,10.7,509518.0,002056
2691,2017-09-28,11.13,11.18,11.33,11.05,433665.0,002056
2692,2017-09-29,11.1,10.88,11.3,10.75,505327.0,002056
2693,2017-10-09,11.02,10.96,11.08,10.81,350844.0,002056
2694,2017-10-10,10.92,10.73,10.95,10.55,451167.0,002056
2695,2017-10-11,10.72,10.85,10.89,10.47,455707.0,002056
2696,2017-10-12,10.72,10.47,10.75,10.29,430632.0,002056
2697,2017-10-13,10.45,10.49,10.59,10.41,221065.0,002056
2698,2017-10-16,10.5,10.22,10.56,10.13,298953.0,002056
2699,2017-10-17,10.27,10.15,10.35,10.13,181096.0,002056
2700,2017-10-18,10.18,10.49,10.72,10.15,643060.0,002056
2701,2017-10-19,10.36,10.62,10.74,10.26,435705.0,002056
2702,2017-10-20,10.5,11.09,11.11,10.5,606213.0,002056
2703,2017-10-23,11.12,11.02,11.23,10.75,474982.0,002056
2704,2017-10-24,10.94,10.99,11.15,10.71,370570.0,002056
2705,2017-10-25,10.92,11.38,11.38,10.81,597251.0,002056
2706,2017-10-26,11.28,11.35,11.58,11.18,592929.0,002056
2707,2017-10-27,11.27,10.92,11.38,10.91,390496.0,002056
2708,2017-10-30,10.82,10.52,11.06,10.3,403771.0,002056
2709,2017-10-31,10.52,10.76,10.85,10.51,260183.0,002056
2710,2017-11-01,10.77,10.5,10.84,10.49,256403.0,002056
2711,2017-11-02,10.55,10.45,10.65,10.4,232791.0,002056
2712,2017-11-03,10.55,10.51,10.73,10.41,237508.0,002056
2713,2017-11-06,10.35,10.32,10.46,10.0,352444.0,002056
2714,2017-11-07,10.32,10.62,10.64,10.1,338033.0,002056
2715,2017-11-08,10.53,11.06,11.18,10.51,605358.0,002056
2716,2017-11-09,11.0,11.14,11.22,10.92,394411.0,002056
2717,2017-11-10,11.12,11.32,11.55,11.03,606456.0,002056
2718,2017-11-13,11.25,11.58,11.63,11.07,573092.0,002056
2719,2017-11-14,11.58,11.13,11.58,11.1,435173.0,002056
2720,2017-11-15,11.14,11.13,11.43,11.02,369065.0,002056
2721,2017-11-16,11.21,11.92,12.2,11.15,1006638.0,002056
2722,2017-11-17,11.92,11.35,12.25,11.22,789364.0,002056
2723,2017-11-20,11.38,11.22,11.55,10.22,543163.0,002056
2724,2017-11-21,11.13,11.95,12.1,11.12,723598.0,002056
2725,2017-11-22,11.95,12.12,12.2,11.65,744755.0,002056
2726,2017-11-23,12.0,11.28,12.15,11.24,640360.0,002056
2727,2017-11-24,11.1,11.68,11.86,11.02,412247.0,002056
2728,2017-11-27,11.7,10.79,11.84,10.55,531934.0,002056
2729,2017-11-28,10.69,11.0,11.09,10.52,349894.0,002056
2730,2017-11-29,11.01,11.1,11.23,10.71,354949.0,002056
2731,2017-11-30,10.95,10.65,11.08,10.6,352152.0,002056
2732,2017-12-01,10.56,10.63,10.85,10.55,206982.0,002056
2733,2017-12-04,10.68,10.84,11.04,10.61,277381.0,002056
2734,2017-12-05,10.75,10.37,10.95,10.16,345327.0,002056
2735,2017-12-06,10.3,10.6,10.62,10.17,245758.0,002056
2736,2017-12-07,10.59,10.82,11.04,10.51,371996.0,002056
2737,2017-12-08,10.62,10.73,10.94,10.62,268381.0,002056
2738,2017-12-11,10.74,10.9,10.9,10.67,213264.0,002056
