,date,open,close,high,low,volume,code
0,2012-06-28,7.769,7.745,7.978,7.481,149677.0,300333
1,2012-06-29,7.708,8.202,8.285,7.677,105227.0,300333
2,2012-07-02,8.138,8.568,8.715,8.083,89322.0,300333
3,2012-07-03,8.445,8.574,8.86,8.39,85604.0,300333
4,2012-07-04,8.485,8.325,8.78,8.291,73722.0,300333
5,2012-07-05,8.209,8.159,8.5,8.08,64405.0,300333
6,2012-07-06,8.23,8.021,8.276,7.717,53817.0,300333
7,2012-07-09,7.917,7.92,8.15,7.8,34825.0,300333
8,2012-07-10,7.855,7.364,8.123,7.287,43499.0,300333
9,2012-07-11,7.183,7.054,7.235,6.943,38070.0,300333
10,2012-07-12,7.063,7.232,7.333,7.005,33254.0,300333
11,2012-07-13,7.186,7.247,7.518,7.134,35825.0,300333
12,2012-07-16,7.155,6.725,7.186,6.664,31878.0,300333
13,2012-07-17,6.649,6.821,6.867,6.633,15482.0,300333
14,2012-07-18,6.781,6.913,6.931,6.688,18596.0,300333
15,2012-07-19,6.876,6.989,7.161,6.854,24384.0,300333
16,2012-07-20,6.913,7.005,7.026,6.882,17968.0,300333
17,2012-07-23,6.943,7.121,7.161,6.805,21677.0,300333
18,2012-07-24,7.026,7.161,7.275,7.026,19559.0,300333
19,2012-07-25,7.161,7.278,7.616,7.134,33935.0,300333
20,2012-07-26,7.247,7.343,7.398,7.149,24630.0,300333
21,2012-07-27,7.37,7.152,7.404,7.082,26034.0,300333
22,2012-07-30,7.128,6.768,7.18,6.725,25804.0,300333
23,2012-07-31,6.753,6.636,6.817,6.606,15394.0,300333
24,2012-08-01,6.636,6.805,6.845,6.636,16594.0,300333
25,2012-08-02,6.738,6.79,6.814,6.679,13490.0,300333
26,2012-08-03,6.811,7.094,7.103,6.768,23404.0,300333
27,2012-08-06,7.048,7.303,7.389,6.965,28106.0,300333
28,2012-08-07,7.247,7.272,7.358,7.186,21478.0,300333
29,2012-08-08,7.266,7.327,7.518,7.211,21726.0,300333
30,2012-08-09,7.281,7.386,7.462,7.263,26820.0,300333
31,2012-08-10,7.392,7.263,7.395,7.223,18318.0,300333
32,2012-08-13,7.272,7.355,7.61,7.263,34024.0,300333
33,2012-08-14,7.293,7.637,7.668,7.257,32405.0,300333
34,2012-08-15,7.585,7.524,7.702,7.462,27730.0,300333
35,2012-08-16,7.57,7.339,7.668,7.339,22812.0,300333
36,2012-08-17,7.339,7.65,7.674,7.272,24675.0,300333
37,2012-08-20,7.601,7.726,7.763,7.57,28392.0,300333
38,2012-08-21,7.729,7.923,8.034,7.647,43903.0,300333
39,2012-08-22,7.914,7.825,7.975,7.729,31483.0,300333
40,2012-08-23,7.825,8.08,8.123,7.794,31657.0,300333
41,2012-08-24,7.991,7.8,8.046,7.769,27039.0,300333
42,2012-08-27,7.723,7.548,7.723,7.472,20284.0,300333
43,2012-08-28,7.554,7.914,8.07,7.554,26348.0,300333
44,2012-08-29,7.858,8.07,8.239,7.858,36393.0,300333
45,2012-08-30,7.981,7.582,8.073,7.263,45780.0,300333
46,2012-08-31,7.53,7.954,7.978,7.493,31208.0,300333
47,2012-09-03,7.895,8.061,8.104,7.871,31813.0,300333
48,2012-09-04,8.061,7.994,8.393,7.987,44656.0,300333
49,2012-09-05,7.954,8.08,8.252,7.948,31721.0,300333
50,2012-09-06,8.077,8.199,8.248,8.018,25941.0,300333
51,2012-09-07,8.276,8.221,8.344,8.141,35008.0,300333
52,2012-09-10,8.199,8.35,8.35,8.08,32179.0,300333
53,2012-09-11,8.267,8.399,8.595,8.261,31544.0,300333
54,2012-09-12,8.402,8.313,8.445,8.169,24504.0,300333
55,2012-09-13,8.313,8.129,8.344,8.129,14471.0,300333
56,2012-09-14,8.23,8.049,8.23,8.03,18944.0,300333
57,2012-09-17,8.015,7.69,8.043,7.671,22982.0,300333
58,2012-09-18,7.653,7.708,7.831,7.631,15432.0,300333
59,2012-09-19,7.748,7.739,7.815,7.68,12599.0,300333
60,2012-09-20,7.757,7.266,7.763,7.266,27492.0,300333
61,2012-09-21,7.263,7.281,7.389,7.134,15266.0,300333
62,2012-09-24,7.241,7.367,7.382,7.158,13856.0,300333
63,2012-09-25,7.263,6.971,7.329,6.968,20593.0,300333
64,2012-09-26,6.943,6.813,7.006,6.784,14760.0,300333
65,2012-09-27,6.841,7.079,7.152,6.841,19015.0,300333
66,2012-09-28,7.054,7.196,7.228,6.943,14990.0,300333
67,2012-10-08,7.203,7.184,7.222,7.035,12556.0,300333
68,2012-10-09,7.152,7.393,7.409,7.152,18221.0,300333
69,2012-10-10,7.358,7.459,7.526,7.317,14976.0,300333
70,2012-10-11,7.437,7.133,7.437,7.114,17062.0,300333
71,2012-10-12,7.18,7.085,7.253,6.952,14680.0,300333
72,2012-10-15,6.848,6.378,6.879,6.378,16674.0,300333
73,2012-10-16,6.182,6.283,6.328,6.172,41961.0,300333
74,2012-10-17,6.293,6.15,6.318,6.071,30507.0,300333
75,2012-10-18,6.144,6.277,6.305,6.144,24700.0,300333
76,2012-10-19,6.271,6.378,6.454,6.252,30586.0,300333
77,2012-10-22,6.337,6.505,6.531,6.337,18330.0,300333
78,2012-10-23,6.499,6.293,6.511,6.28,20815.0,300333
79,2012-10-24,6.245,6.217,6.299,6.175,11787.0,300333
80,2012-10-25,6.201,6.096,6.258,6.071,16799.0,300333
81,2012-10-26,6.096,5.839,6.118,5.773,21732.0,300333
82,2012-10-29,5.833,5.89,5.89,5.744,10715.0,300333
83,2012-10-30,5.915,5.843,5.915,5.82,8539.0,300333
84,2012-10-31,5.82,5.779,5.862,5.722,12395.0,300333
85,2012-11-01,5.789,5.941,5.944,5.789,16043.0,300333
86,2012-11-02,5.938,5.928,5.976,5.865,11924.0,300333
87,2012-11-05,5.944,5.947,5.976,5.915,11011.0,300333
88,2012-11-06,5.969,5.633,5.969,5.516,24131.0,300333
89,2012-11-07,5.633,5.611,5.678,5.579,9119.0,300333
90,2012-11-08,5.529,5.415,5.602,5.392,12435.0,300333
91,2012-11-09,5.437,5.367,5.446,5.329,10034.0,300333
92,2012-11-12,5.351,5.462,5.462,5.351,8072.0,300333
93,2012-11-13,5.462,5.557,5.627,5.364,17397.0,300333
94,2012-11-14,5.519,5.57,5.598,5.424,10221.0,300333
95,2012-11-15,5.557,5.389,5.557,5.38,7884.0,300333
96,2012-11-16,5.402,5.465,5.475,5.31,9295.0,300333
97,2012-11-19,5.465,5.465,5.491,5.354,6458.0,300333
98,2012-11-20,5.507,5.519,5.598,5.484,12456.0,300333
99,2012-11-21,5.516,5.541,5.551,5.373,11325.0,300333
100,2012-11-22,5.513,5.459,5.532,5.418,7075.0,300333
101,2012-11-23,5.446,5.43,5.51,5.408,6759.0,300333
102,2012-11-26,5.418,5.075,5.446,5.075,17082.0,300333
103,2012-11-27,5.06,4.815,5.06,4.812,15900.0,300333
104,2012-11-28,4.812,4.796,4.876,4.781,7964.0,300333
105,2012-11-29,4.8,4.666,4.838,4.66,7889.0,300333
106,2012-11-30,4.67,4.689,4.736,4.613,7769.0,300333
107,2012-12-03,4.724,4.387,4.724,4.368,13511.0,300333
108,2012-12-04,4.359,4.454,4.533,4.28,14576.0,300333
109,2012-12-05,4.426,4.654,4.73,4.426,20282.0,300333
110,2012-12-06,4.651,4.606,4.72,4.556,13858.0,300333
111,2012-12-07,4.597,4.774,4.774,4.562,19940.0,300333
112,2012-12-10,4.784,4.866,4.907,4.755,20293.0,300333
113,2012-12-11,4.844,4.749,4.844,4.746,14894.0,300333
114,2012-12-12,4.749,4.945,4.968,4.66,31403.0,300333
115,2012-12-13,4.882,4.758,4.898,4.739,19430.0,300333
116,2012-12-14,4.692,4.964,5.015,4.685,26303.0,300333
117,2012-12-17,4.996,4.993,5.025,4.911,20893.0,300333
118,2012-12-18,5.025,5.158,5.329,4.977,37700.0,300333
119,2012-12-19,5.151,5.167,5.193,5.104,15128.0,300333
120,2012-12-20,5.161,5.364,5.478,5.098,37862.0,300333
121,2012-12-21,5.358,5.741,5.89,5.358,56431.0,300333
122,2012-12-24,5.763,5.982,6.017,5.627,51058.0,300333
123,2012-12-25,5.96,6.213,6.277,5.915,54437.0,300333
124,2012-12-26,6.185,6.67,6.718,6.16,51639.0,300333
125,2012-12-27,6.714,6.296,6.873,6.277,60385.0,300333
126,2012-12-28,6.185,6.245,6.48,5.992,57173.0,300333
127,2012-12-31,6.261,6.03,6.271,5.985,38634.0,300333
128,2013-01-04,6.087,6.191,6.264,5.995,37779.0,300333
129,2013-01-07,6.141,6.315,6.315,6.087,29571.0,300333
130,2013-01-08,6.321,6.35,6.496,6.261,39301.0,300333
131,2013-01-09,6.309,6.064,6.312,5.985,36862.0,300333
132,2013-01-10,6.023,5.963,6.163,5.881,31112.0,300333
133,2013-01-11,6.087,6.239,6.435,6.055,62581.0,300333
134,2013-01-14,6.261,6.657,6.737,6.245,55878.0,300333
135,2013-01-15,6.657,6.664,6.809,6.543,43181.0,300333
136,2013-01-16,6.673,6.496,6.705,6.334,33679.0,300333
137,2013-01-17,6.48,6.328,6.508,6.315,18824.0,300333
138,2013-01-18,6.302,6.359,6.432,6.213,22023.0,300333
139,2013-01-21,6.429,6.451,6.483,6.328,20082.0,300333
140,2013-01-22,6.467,5.992,6.467,5.884,32197.0,300333
141,2013-01-23,5.938,5.976,6.007,5.843,17852.0,300333
142,2013-01-24,5.969,5.687,6.093,5.614,21944.0,300333
143,2013-01-25,5.652,5.665,5.735,5.583,16516.0,300333
144,2013-01-28,5.703,5.805,5.811,5.665,15972.0,300333
145,2013-01-29,5.808,5.881,5.935,5.786,15428.0,300333
146,2013-01-30,5.871,5.763,5.903,5.732,14235.0,300333
147,2013-01-31,5.706,5.738,5.795,5.643,10713.0,300333
148,2013-02-01,5.694,5.795,5.846,5.611,13216.0,300333
149,2013-02-04,5.798,5.69,5.849,5.668,9953.0,300333
150,2013-02-05,5.706,5.881,5.884,5.659,12313.0,300333
151,2013-02-06,5.896,5.89,5.941,5.836,11481.0,300333
152,2013-02-07,5.881,5.998,5.998,5.839,12744.0,300333
153,2013-02-08,5.998,6.071,6.109,5.982,13555.0,300333
154,2013-02-18,6.071,6.141,6.166,5.998,15260.0,300333
155,2013-02-19,6.141,5.928,6.175,5.89,14205.0,300333
156,2013-02-20,5.976,6.087,6.106,5.903,15256.0,300333
157,2013-02-21,6.039,5.881,6.055,5.824,17919.0,300333
158,2013-02-22,5.836,5.836,5.931,5.824,11510.0,300333
159,2013-02-25,5.836,5.887,5.912,5.827,9810.0,300333
160,2013-02-26,5.849,5.836,5.954,5.827,10727.0,300333
161,2013-02-27,5.836,5.744,5.938,5.694,11616.0,300333
162,2013-02-28,5.751,5.846,5.849,5.709,11037.0,300333
163,2013-03-01,5.865,6.014,6.017,5.849,22332.0,300333
164,2013-03-04,5.963,5.865,6.084,5.795,22094.0,300333
165,2013-03-05,5.817,6.122,6.128,5.817,20251.0,300333
166,2013-03-06,6.179,6.309,6.397,6.179,35760.0,300333
167,2013-03-07,6.309,6.15,6.369,6.08,22071.0,300333
168,2013-03-08,6.198,6.03,6.198,5.982,13897.0,300333
169,2013-03-11,6.011,5.931,6.023,5.912,8508.0,300333
170,2013-03-12,5.931,5.548,6.049,5.459,22744.0,300333
171,2013-03-13,5.519,5.481,5.519,5.332,12505.0,300333
172,2013-03-14,5.411,5.44,5.513,5.411,6898.0,300333
173,2013-03-15,5.446,5.481,5.573,5.361,10376.0,300333
174,2013-03-18,5.472,5.348,5.472,5.342,7125.0,300333
175,2013-03-19,5.358,5.389,5.421,5.281,5129.0,300333
176,2013-03-20,5.462,5.611,5.611,5.354,10456.0,300333
177,2013-03-21,5.611,5.608,5.69,5.551,11881.0,300333
178,2013-03-22,5.579,5.649,5.675,5.579,8707.0,300333
179,2013-03-25,5.614,5.64,5.694,5.614,7328.0,300333
180,2013-03-26,5.627,5.469,5.627,5.405,11703.0,300333
181,2013-03-27,5.469,5.488,5.541,5.449,5919.0,300333
182,2013-03-28,5.446,5.205,5.446,5.205,10462.0,300333
183,2013-03-29,5.205,5.193,5.256,5.18,4025.0,300333
184,2013-04-01,5.224,5.262,5.31,5.205,4216.0,300333
185,2013-04-02,5.262,5.316,5.367,5.262,8621.0,300333
186,2013-04-03,5.351,5.421,5.437,5.072,10551.0,300333
187,2013-04-08,5.085,4.945,5.085,4.879,18607.0,300333
188,2013-04-09,4.901,5.126,5.186,4.901,11644.0,300333
189,2013-04-10,5.113,5.098,5.218,5.053,7818.0,300333
190,2013-04-11,5.139,5.098,5.212,5.056,5481.0,300333
191,2013-04-12,5.098,5.107,5.151,5.069,4134.0,300333
192,2013-04-15,5.091,5.066,5.132,5.009,4193.0,300333
193,2013-04-16,5.022,5.171,5.202,5.018,9474.0,300333
194,2013-04-17,5.167,5.183,5.256,5.158,17329.0,300333
195,2013-04-18,5.158,4.92,5.209,4.904,19969.0,300333
196,2013-04-19,4.999,5.088,5.218,4.939,21797.0,300333
197,2013-04-22,5.12,5.183,5.218,5.075,22949.0,300333
198,2013-04-23,5.209,4.819,5.212,4.771,19858.0,300333
199,2013-04-24,4.819,4.879,4.942,4.796,10224.0,300333
200,2013-04-25,4.825,4.689,4.876,4.685,14294.0,300333
201,2013-04-26,4.692,4.46,4.708,4.445,15301.0,300333
202,2013-05-02,4.441,4.467,4.502,4.394,5721.0,300333
203,2013-05-03,4.476,4.559,4.571,4.467,9867.0,300333
204,2013-05-06,4.559,4.666,4.692,4.559,10659.0,300333
205,2013-05-07,4.663,4.682,4.689,4.632,7540.0,300333
206,2013-05-08,4.666,4.819,4.819,4.666,14401.0,300333
207,2013-05-09,4.834,4.911,5.009,4.834,24549.0,300333
208,2013-05-10,4.854,4.961,5.025,4.854,16954.0,300333
209,2013-05-13,5.009,5.05,5.066,4.964,14874.0,300333
210,2013-05-14,5.053,4.898,5.056,4.847,12910.0,300333
211,2013-05-15,4.898,5.063,5.063,4.854,16533.0,300333
212,2013-05-16,5.12,5.015,5.224,4.955,23418.0,300333
213,2013-05-17,4.99,5.047,5.117,4.901,16856.0,300333
214,2013-05-20,5.056,5.215,5.278,5.056,20683.0,300333
215,2013-05-21,5.202,5.522,5.526,5.167,31890.0,300333
216,2013-05-22,5.516,5.361,5.7,5.326,35345.0,300333
217,2013-05-23,5.342,5.446,5.633,5.275,27967.0,300333
218,2013-05-24,5.411,5.719,5.722,5.411,33949.0,300333
219,2013-05-27,5.732,5.713,5.763,5.63,22197.0,300333
220,2013-05-28,5.662,5.43,5.697,5.408,26273.0,300333
221,2013-05-29,5.459,5.488,5.51,5.405,16456.0,300333
222,2013-05-30,5.598,5.491,5.598,5.453,13127.0,300333
223,2013-05-31,5.516,5.358,5.516,5.342,17881.0,300333
224,2013-06-03,5.358,5.307,5.408,5.278,10128.0,300333
225,2013-06-04,5.294,5.003,5.326,4.898,17541.0,300333
226,2013-06-05,5.003,5.044,5.069,4.977,7203.0,300333
227,2013-06-06,4.987,4.869,5.041,4.86,7967.0,300333
228,2013-06-07,4.85,4.901,4.987,4.85,7261.0,300333
229,2013-06-13,4.895,4.822,4.895,4.632,7528.0,300333
230,2013-06-14,4.819,4.996,5.053,4.819,9981.0,300333
231,2013-06-17,4.996,5.079,5.224,4.949,14752.0,300333
232,2013-06-18,5.06,5.586,5.586,4.961,44093.0,300333
233,2013-06-19,5.573,5.69,5.728,5.51,62030.0,300333
234,2013-06-20,5.611,5.364,5.684,5.361,31576.0,300333
235,2013-06-21,5.215,5.627,5.795,5.009,50805.0,300333
236,2013-06-24,5.706,5.64,5.915,5.453,68641.0,300333
237,2013-06-25,5.389,5.551,5.633,5.075,52054.0,300333
238,2013-06-26,5.367,5.852,5.96,5.313,79034.0,300333
239,2013-06-27,5.786,5.567,5.935,5.567,62900.0,300333
240,2013-06-28,5.392,5.098,5.522,5.009,40731.0,300333
241,2013-07-01,5.034,4.898,5.037,4.739,67848.0,300333
242,2013-07-02,4.92,5.091,5.199,4.876,75046.0,300333
243,2013-07-03,5.012,5.034,5.066,4.765,66780.0,300333
244,2013-07-04,4.974,4.961,5.113,4.854,50799.0,300333
245,2013-07-05,4.914,4.866,5.11,4.866,47360.0,300333
246,2013-07-08,4.717,4.381,4.717,4.381,57477.0,300333
247,2013-07-09,4.311,4.334,4.422,4.28,25685.0,300333
248,2013-07-10,4.365,4.476,4.486,4.353,23629.0,300333
249,2013-07-11,4.441,4.53,4.584,4.441,29698.0,300333
250,2013-07-12,4.552,4.543,4.711,4.521,36432.0,300333
251,2013-07-15,4.552,4.774,4.787,4.502,41576.0,300333
252,2013-07-16,4.774,4.79,4.844,4.628,51937.0,300333
253,2013-07-17,4.758,4.917,5.028,4.733,87883.0,300333
254,2013-07-18,4.882,5.132,5.193,4.825,98487.0,300333
255,2013-07-19,5.123,4.876,5.269,4.866,76457.0,300333
256,2013-07-22,4.819,5.139,5.155,4.787,56371.0,300333
257,2013-07-23,5.164,5.193,5.231,5.05,62550.0,300333
258,2013-07-24,5.167,5.25,5.32,5.091,57384.0,300333
259,2013-07-25,5.253,4.93,5.253,4.85,56069.0,300333
260,2013-07-26,4.943,4.936,5.028,4.746,38762.0,300333
261,2013-07-29,4.936,5.195,5.431,4.832,95547.0,300333
262,2013-07-30,5.175,5.044,5.228,4.815,71930.0,300333
263,2013-07-31,5.048,5.051,5.189,4.949,44386.0,300333
264,2013-08-01,5.038,5.326,5.388,5.015,84820.0,300333
265,2013-08-02,5.372,5.493,5.673,5.267,137620.0,300333
266,2013-08-05,5.519,5.549,5.598,5.405,81343.0,300333
267,2013-08-06,5.519,5.51,5.562,5.454,53869.0,300333
268,2013-08-07,5.51,5.234,5.51,5.172,85396.0,300333
269,2013-08-08,5.175,5.356,5.47,5.175,54554.0,300333
270,2013-08-09,5.329,5.198,5.385,5.077,60376.0,300333
271,2013-08-12,5.195,5.241,5.323,5.11,45919.0,300333
272,2013-08-13,5.244,5.372,5.405,5.208,48166.0,300333
273,2013-08-14,5.405,5.329,5.444,5.251,43443.0,300333
274,2013-08-15,5.329,5.431,5.552,5.326,75759.0,300333
275,2013-08-16,5.392,5.552,5.67,5.359,128334.0,300333
276,2013-08-19,5.628,5.696,5.752,5.503,115355.0,300333
277,2013-08-20,5.772,5.667,5.926,5.585,100526.0,300333
278,2013-08-21,5.631,5.775,5.791,5.591,70709.0,300333
279,2013-08-22,5.732,5.569,5.791,5.542,76222.0,300333
280,2013-08-23,5.631,5.831,5.896,5.533,102328.0,300333
281,2013-08-26,5.772,5.84,6.017,5.765,82625.0,300333
282,2013-08-27,5.814,6.122,6.266,5.677,104216.0,300333
283,2013-08-28,6.044,5.886,6.132,5.88,80369.0,300333
284,2013-08-29,5.896,5.971,6.044,5.801,54148.0,300333
285,2013-08-30,5.955,5.441,5.971,5.431,74570.0,300333
286,2013-09-02,5.441,5.483,5.533,5.333,39052.0,300333
287,2013-09-03,5.477,5.585,5.628,5.47,33841.0,300333
288,2013-09-04,5.569,5.46,5.614,5.375,32626.0,300333
289,2013-09-05,5.438,5.513,5.601,5.408,38684.0,300333
290,2013-09-06,5.493,5.503,5.552,5.405,33076.0,300333
291,2013-09-09,5.51,5.555,5.559,5.418,43897.0,300333
292,2013-09-10,5.536,5.49,5.562,5.444,35157.0,300333
293,2013-09-11,5.47,5.192,5.49,5.136,57171.0,300333
294,2013-09-12,5.189,5.198,5.284,5.159,25691.0,300333
295,2013-09-13,5.202,5.254,5.284,5.143,24804.0,300333
296,2013-09-16,5.241,5.316,5.375,5.231,31417.0,300333
297,2013-09-17,5.313,5.143,5.339,5.139,26859.0,300333
298,2013-09-18,5.126,5.274,5.3,5.123,19991.0,300333
299,2013-09-23,5.287,5.5,5.555,5.287,43099.0,300333
300,2013-09-24,5.503,5.523,5.605,5.447,38575.0,300333
301,2013-09-25,5.523,5.559,5.637,5.438,36878.0,300333
302,2013-09-26,5.523,5.588,5.775,5.51,43135.0,300333
303,2013-09-27,5.591,5.618,5.726,5.572,27281.0,300333
304,2013-09-30,5.65,5.86,5.88,5.65,49502.0,300333
305,2013-10-08,5.814,5.883,5.955,5.723,50349.0,300333
306,2013-10-09,5.831,5.847,5.971,5.781,40162.0,300333
307,2013-10-10,5.863,5.68,5.913,5.65,47718.0,300333
308,2013-10-11,5.729,5.942,6.201,5.729,75651.0,300333
309,2013-10-14,5.899,5.994,6.034,5.804,49247.0,300333
310,2013-10-15,5.929,5.742,5.932,5.65,62954.0,300333
311,2013-10-16,5.732,5.536,5.778,5.477,43766.0,300333
312,2013-10-17,5.601,5.598,5.706,5.539,28444.0,300333
313,2013-10-18,5.65,5.781,5.857,5.605,36449.0,300333
314,2013-10-21,5.765,5.932,5.991,5.765,43260.0,300333
315,2013-10-22,5.949,5.804,6.057,5.732,48421.0,300333
316,2013-10-23,5.798,5.667,5.831,5.533,35256.0,300333
317,2013-10-24,5.69,5.824,5.824,5.605,31500.0,300333
318,2013-10-25,5.745,5.51,5.788,5.503,42443.0,300333
319,2013-10-28,5.51,5.379,5.549,5.356,30337.0,300333
320,2013-10-29,5.46,5.022,5.46,4.874,42861.0,300333
321,2013-10-30,5.071,5.175,5.208,4.963,26916.0,300333
322,2013-10-31,5.175,5.162,5.264,5.113,26477.0,300333
323,2013-11-01,5.143,5.146,5.198,4.999,13395.0,300333
324,2013-11-04,5.126,5.192,5.267,5.126,15065.0,300333
325,2013-11-05,5.172,5.287,5.307,5.107,16026.0,300333
326,2013-11-06,5.284,5.274,5.421,5.228,28024.0,300333
327,2013-11-07,5.248,5.139,5.362,5.13,21889.0,300333
328,2013-11-08,5.126,5.035,5.175,5.031,14733.0,300333
329,2013-11-11,5.054,5.313,5.362,5.028,25979.0,300333
330,2013-11-12,5.313,5.441,5.555,5.29,42047.0,300333
331,2013-11-13,5.411,5.424,5.621,5.398,36864.0,300333
332,2013-11-14,5.395,5.808,5.955,5.395,72905.0,300333
333,2013-11-15,5.814,5.945,6.112,5.814,91203.0,300333
334,2013-11-18,6.004,5.962,6.119,5.876,76352.0,300333
335,2013-11-19,5.896,6.181,6.509,5.88,113856.0,300333
336,2013-11-20,6.109,6.152,6.338,6.063,68164.0,300333
337,2013-11-21,6.129,6.224,6.283,6.001,66016.0,300333
338,2013-11-22,6.247,6.044,6.332,6.044,56590.0,300333
339,2013-11-25,6.027,6.184,6.319,6.001,57892.0,300333
340,2013-11-26,6.184,6.283,6.46,6.161,68971.0,300333
341,2013-11-27,6.302,6.473,6.63,6.25,79019.0,300333
342,2013-11-28,6.453,6.584,6.617,6.387,80232.0,300333
343,2013-11-29,6.568,6.745,6.879,6.545,80508.0,300333
344,2013-12-02,6.224,6.07,6.355,6.07,61120.0,300333
345,2013-12-03,5.762,5.811,5.913,5.474,82398.0,300333
346,2013-12-04,5.706,5.7,5.978,5.7,60471.0,300333
347,2013-12-05,5.7,5.723,5.847,5.618,39840.0,300333
348,2013-12-06,5.7,5.739,5.808,5.624,28460.0,300333
349,2013-12-09,5.752,5.922,5.939,5.752,30364.0,300333
350,2013-12-10,5.945,5.837,5.949,5.781,28445.0,300333
351,2013-12-11,5.801,5.87,5.922,5.723,30436.0,300333
352,2013-12-12,5.827,5.939,6.021,5.804,38107.0,300333
353,2013-12-13,5.903,5.952,6.044,5.87,31707.0,300333
354,2013-12-16,5.971,5.906,6.044,5.863,31505.0,300333
355,2013-12-17,5.929,5.824,5.949,5.759,22862.0,300333
356,2013-12-18,5.752,5.598,5.804,5.569,37130.0,300333
357,2013-12-19,5.605,5.611,5.719,5.598,19274.0,300333
358,2013-12-20,5.611,5.65,5.69,5.601,17395.0,300333
359,2013-12-23,5.641,5.47,5.641,5.307,24549.0,300333
360,2013-12-24,5.47,5.634,5.683,5.47,23259.0,300333
361,2013-12-25,5.667,5.965,6.047,5.667,49198.0,300333
362,2013-12-26,5.949,5.958,6.132,5.916,54455.0,300333
363,2013-12-27,5.949,6.197,6.217,5.945,47349.0,300333
364,2013-12-30,6.171,6.188,6.322,6.125,38286.0,300333
365,2013-12-31,6.181,6.03,6.207,5.939,35520.0,300333
366,2014-01-02,5.978,6.361,6.378,5.955,49732.0,300333
367,2014-01-03,6.309,6.27,6.43,6.207,46447.0,300333
368,2014-01-06,6.253,5.971,6.27,5.932,37649.0,300333
369,2014-01-07,5.962,6.184,6.191,5.896,36618.0,300333
370,2014-01-08,6.211,6.361,6.469,6.184,59514.0,300333
371,2014-01-09,6.342,6.05,6.387,6.047,49385.0,300333
372,2014-01-10,6.034,6.256,6.551,5.962,61854.0,300333
373,2014-01-13,6.273,6.538,6.617,6.27,80764.0,300333
374,2014-01-14,6.512,6.65,6.676,6.394,62012.0,300333
375,2014-01-15,6.594,6.627,6.63,6.473,54136.0,300333
376,2014-01-16,6.584,6.496,6.745,6.433,52692.0,300333
377,2014-01-17,6.437,6.463,6.672,6.401,41177.0,300333
378,2014-01-20,6.46,6.302,6.499,6.201,36845.0,300333
379,2014-01-21,6.302,6.584,6.587,6.283,45362.0,300333
380,2014-01-22,6.548,6.623,6.702,6.463,58003.0,300333
381,2014-01-23,6.623,6.781,6.889,6.555,72610.0,300333
382,2014-01-24,6.781,6.787,6.921,6.715,56381.0,300333
383,2014-01-27,6.813,6.784,7.098,6.754,63282.0,300333
384,2014-01-28,6.551,6.482,6.705,6.309,64325.0,300333
385,2014-01-29,6.469,6.623,6.679,6.397,41605.0,300333
386,2014-01-30,6.61,6.496,6.774,6.469,35779.0,300333
387,2014-02-07,6.453,6.843,6.872,6.361,46167.0,300333
388,2014-02-10,6.849,7.069,7.157,6.817,62542.0,300333
389,2014-02-11,7.01,7.272,7.272,6.826,69078.0,300333
390,2014-02-12,7.233,7.272,7.527,7.138,60849.0,300333
391,2014-02-13,7.269,7.131,7.364,7.02,44696.0,300333
392,2014-02-14,7.278,7.482,7.609,7.21,66946.0,300333
393,2014-02-17,7.498,7.632,7.77,7.37,56398.0,300333
394,2014-02-18,7.694,7.544,7.694,7.472,38564.0,300333
395,2014-02-19,7.544,7.468,7.616,7.288,39334.0,300333
396,2014-02-20,7.485,7.092,7.557,7.092,41494.0,300333
397,2014-02-21,7.108,7.174,7.239,6.987,31447.0,300333
398,2014-02-24,7.147,7.311,7.38,7.128,32773.0,300333
399,2014-02-25,7.436,6.65,7.658,6.587,73999.0,300333
400,2014-02-26,6.643,6.731,6.767,6.423,36782.0,300333
401,2014-02-27,6.767,7.174,7.278,6.715,73517.0,300333
402,2014-02-28,7.387,7.223,7.468,7.013,70984.0,300333
403,2014-03-03,7.21,7.442,7.524,7.108,73831.0,300333
404,2014-03-04,7.501,7.429,7.501,7.206,51104.0,300333
405,2014-03-05,7.409,7.429,7.606,7.344,44483.0,300333
406,2014-03-06,7.822,7.436,7.822,7.403,42663.0,300333
407,2014-03-07,7.452,7.242,7.524,7.18,38933.0,300333
408,2014-03-10,7.334,7.344,7.56,7.183,72418.0,300333
409,2014-03-11,7.37,6.908,7.436,6.843,42041.0,300333
410,2014-03-12,6.961,6.856,6.984,6.62,25854.0,300333
411,2014-03-13,6.846,7.043,7.043,6.731,17722.0,300333
412,2014-03-14,6.944,7.023,7.033,6.807,14092.0,300333
413,2014-03-17,7.043,7.534,7.626,6.984,62741.0,300333
414,2014-03-18,7.534,7.521,7.911,7.468,81501.0,300333
415,2014-03-19,7.534,7.534,7.694,7.39,29350.0,300333
416,2014-03-20,7.527,7.334,7.891,7.334,60451.0,300333
417,2014-03-21,7.387,7.396,7.501,6.977,32106.0,300333
418,2014-03-24,7.341,7.642,7.708,7.124,41323.0,300333
419,2014-03-25,7.642,7.721,8.025,7.557,51397.0,300333
420,2014-03-26,7.803,6.948,7.898,6.948,170076.0,300333
421,2014-03-27,6.803,6.401,6.803,6.387,72794.0,300333
422,2014-03-28,6.256,6.338,6.404,6.224,36293.0,300333
423,2014-03-31,6.335,6.234,6.371,6.063,28000.0,300333
424,2014-04-01,6.207,6.283,6.306,6.184,22298.0,300333
425,2014-04-02,6.289,6.073,6.296,5.965,33894.0,300333
426,2014-04-03,6.053,6.086,6.158,5.991,19086.0,300333
427,2014-04-04,6.044,6.112,6.139,6.004,14858.0,300333
428,2014-04-08,6.06,6.07,6.106,5.978,22274.0,300333
429,2014-04-09,6.06,6.171,6.365,6.06,48296.0,300333
430,2014-04-10,6.175,6.201,6.273,6.129,31135.0,300333
431,2014-04-11,6.125,5.998,6.125,5.991,29434.0,300333
432,2014-04-14,5.998,6.044,6.076,5.998,17037.0,300333
433,2014-04-15,6.04,6.073,6.152,6.04,16365.0,300333
434,2014-04-16,6.106,5.968,6.106,5.916,20851.0,300333
435,2014-04-17,5.962,5.998,6.024,5.962,12347.0,300333
436,2014-04-18,5.952,6.021,6.05,5.932,14546.0,300333
437,2014-04-21,5.965,5.863,6.057,5.831,19309.0,300333
438,2014-04-22,5.929,5.693,5.929,5.608,24005.0,300333
439,2014-04-23,5.732,5.667,5.781,5.631,11985.0,300333
440,2014-04-24,5.664,5.634,5.742,5.631,17728.0,300333
441,2014-04-25,5.644,5.624,5.723,5.618,18398.0,300333
442,2014-04-28,5.572,5.257,5.588,5.251,25886.0,300333
443,2014-04-29,5.27,5.31,5.424,5.143,23639.0,300333
444,2014-04-30,5.359,5.506,5.523,5.329,22153.0,300333
445,2014-05-05,5.444,5.595,5.595,5.444,12201.0,300333
446,2014-05-06,5.598,5.641,5.723,5.569,13101.0,300333
447,2014-05-07,5.605,5.49,5.65,5.47,9722.0,300333
448,2014-05-08,5.47,5.572,5.686,5.46,12939.0,300333
449,2014-05-09,5.726,5.657,5.818,5.591,19566.0,300333
450,2014-05-12,5.657,5.755,5.811,5.605,15097.0,300333
451,2014-05-13,5.788,5.762,5.814,5.686,12447.0,300333
452,2014-05-14,5.736,5.706,5.755,5.69,7595.0,300333
453,2014-05-15,5.696,5.51,5.745,5.503,10714.0,300333
454,2014-05-16,5.513,5.575,5.618,5.477,10293.0,300333
455,2014-05-19,5.552,5.591,5.657,5.542,9461.0,300333
456,2014-05-20,5.641,5.664,5.762,5.608,10628.0,300333
457,2014-05-21,5.624,5.732,5.732,5.605,9887.0,300333
458,2014-05-22,5.749,5.726,5.844,5.716,15269.0,300333
459,2014-05-23,5.749,5.875,5.875,5.702,14696.0,300333
460,2014-05-26,5.875,5.951,5.951,5.832,18444.0,300333
461,2014-05-27,5.967,5.931,5.991,5.895,12755.0,300333
462,2014-05-28,5.928,6.12,6.183,5.911,38729.0,300333
463,2014-05-29,6.097,6.05,6.15,6.02,24932.0,300333
464,2014-05-30,6.017,6.09,6.156,6.017,18520.0,300333
465,2014-06-03,6.087,6.014,6.12,5.991,13274.0,300333
466,2014-06-04,5.997,5.934,6.054,5.815,16192.0,300333
467,2014-06-05,5.931,6.09,6.09,5.875,14118.0,300333
468,2014-06-06,6.103,6.047,6.15,6.014,14133.0,300333
469,2014-06-09,5.997,5.941,6.087,5.924,11519.0,300333
470,2014-06-10,5.994,6.087,6.09,5.908,17098.0,300333
471,2014-06-11,6.09,6.209,6.246,6.034,33236.0,300333
472,2014-06-12,6.196,6.209,6.252,6.1,20808.0,300333
473,2014-06-13,6.186,6.295,6.329,6.136,23407.0,300333
474,2014-06-16,6.325,6.445,6.478,6.262,31450.0,300333
475,2014-06-17,6.395,6.388,6.461,6.355,20618.0,300333
476,2014-06-18,6.471,6.292,6.594,6.229,27737.0,300333
477,2014-06-19,6.266,6.1,6.385,6.017,23953.0,300333
478,2014-06-20,6.097,6.395,6.411,6.083,25858.0,300333
479,2014-06-23,6.66,7.034,7.034,6.66,20945.0,300333
480,2014-06-24,7.737,7.737,7.737,7.485,214545.0,300333
481,2014-06-25,7.806,7.773,8.008,7.637,156788.0,300333
482,2014-06-26,7.985,7.806,8.078,7.631,174357.0,300333
483,2014-06-27,7.886,8.383,8.588,7.886,232113.0,300333
484,2014-06-30,8.31,9.221,9.221,8.307,125682.0,300333
485,2014-07-01,9.774,9.297,9.953,8.989,184637.0,300333
486,2014-07-02,9.35,9.493,9.718,9.089,137151.0,300333
487,2014-07-03,9.443,8.767,9.629,8.718,164976.0,300333
488,2014-07-04,8.814,9.112,9.645,8.807,210776.0,300333
489,2014-07-07,9.012,9.264,9.37,8.734,127635.0,300333
490,2014-07-08,9.221,9.784,9.808,9.052,160014.0,300333
491,2014-07-09,9.609,9.036,9.708,8.949,156452.0,300333
492,2014-07-10,8.946,8.618,9.142,8.582,115726.0,300333
493,2014-07-11,8.658,8.665,8.774,8.489,75615.0,300333
494,2014-07-14,8.698,8.558,8.724,8.35,64059.0,300333
495,2014-07-15,8.542,8.389,8.595,8.214,71096.0,300333
496,2014-07-16,8.373,8.446,8.575,8.26,54521.0,300333
497,2014-07-17,8.423,8.088,8.562,8.018,70644.0,300333
498,2014-07-18,8.124,8.095,8.211,7.955,43996.0,300333
499,2014-07-21,8.101,8.114,8.194,7.879,45724.0,300333
500,2014-07-22,8.052,8.141,8.201,8.018,45841.0,300333
501,2014-07-23,8.105,7.521,8.211,7.475,75759.0,300333
502,2014-07-24,7.442,7.521,7.548,7.263,47834.0,300333
503,2014-07-25,7.578,7.505,7.578,7.349,32755.0,300333
504,2014-07-28,7.495,7.674,7.717,7.449,47248.0,300333
505,2014-07-29,7.677,7.654,7.826,7.624,50825.0,300333
506,2014-07-30,7.657,7.816,7.896,7.515,69643.0,300333
507,2014-07-31,7.763,7.77,7.853,7.667,40452.0,300333
508,2014-08-01,7.67,7.548,7.839,7.538,44905.0,300333
509,2014-08-04,7.545,7.617,7.651,7.492,29130.0,300333
510,2014-08-05,7.631,7.866,7.932,7.564,67536.0,300333
511,2014-08-06,7.839,7.839,7.892,7.724,42432.0,300333
512,2014-08-07,7.813,7.71,7.889,7.704,38440.0,300333
513,2014-08-08,7.737,7.813,7.869,7.727,30258.0,300333
514,2014-08-11,7.806,7.952,8.002,7.76,40000.0,300333
515,2014-08-12,7.965,8.161,8.181,7.939,62810.0,300333
516,2014-08-13,8.118,7.979,8.131,7.859,42176.0,300333
517,2014-08-14,7.995,7.886,8.085,7.886,35295.0,300333
518,2014-08-15,7.889,7.979,8.008,7.876,26655.0,300333
519,2014-08-18,7.985,8.168,8.168,7.936,46241.0,300333
520,2014-08-19,8.184,8.081,8.211,8.002,39759.0,300333
521,2014-08-20,8.052,8.081,8.148,7.979,31924.0,300333
522,2014-08-21,8.081,8.055,8.108,7.969,23681.0,300333
523,2014-08-22,8.085,8.254,8.277,8.058,55490.0,300333
524,2014-08-25,8.254,8.101,8.254,8.075,33437.0,300333
525,2014-08-26,8.085,7.74,8.138,7.717,42847.0,300333
526,2014-08-27,7.72,7.704,7.816,7.604,32399.0,300333
527,2014-08-28,7.654,7.521,7.684,7.419,29515.0,300333
528,2014-08-29,7.518,7.611,7.627,7.452,22283.0,300333
529,2014-09-01,7.555,7.786,7.849,7.555,29828.0,300333
530,2014-09-02,7.876,8.565,8.565,7.806,130667.0,300333
531,2014-09-03,8.621,8.668,8.714,8.433,137489.0,300333
532,2014-09-04,8.668,8.641,8.734,8.509,72213.0,300333
533,2014-09-05,8.691,8.558,8.714,8.466,46552.0,300333
534,2014-09-09,8.549,8.446,8.549,8.323,38114.0,300333
535,2014-09-10,8.439,8.572,8.698,8.383,47568.0,300333
536,2014-09-11,8.545,8.452,8.678,8.37,48449.0,300333
537,2014-09-12,8.446,8.638,8.661,8.399,47278.0,300333
538,2014-09-15,8.678,8.681,8.986,8.645,57639.0,300333
539,2014-09-16,8.708,8.267,8.777,8.244,47572.0,300333
540,2014-09-17,8.264,8.313,8.346,8.141,26139.0,300333
541,2014-09-18,8.267,8.25,8.3,8.177,23283.0,300333
542,2014-09-19,8.3,8.406,8.423,8.237,24148.0,300333
543,2014-09-22,8.35,8.128,8.35,8.111,26348.0,300333
544,2014-09-23,8.168,8.221,8.267,8.091,24830.0,300333
545,2014-09-24,8.207,8.413,8.413,8.154,29237.0,300333
546,2014-09-25,8.466,8.459,8.651,8.38,45283.0,300333
547,2014-09-26,8.456,8.519,8.575,8.409,29325.0,300333
548,2014-09-29,8.641,8.744,8.804,8.509,48675.0,300333
549,2014-09-30,8.824,8.814,8.94,8.741,52761.0,300333
550,2014-10-08,8.86,8.824,8.94,8.78,36289.0,300333
551,2014-10-09,8.81,8.691,8.81,8.578,45941.0,300333
552,2014-10-10,8.711,8.645,8.771,8.615,26684.0,300333
553,2014-10-13,8.638,8.558,8.645,8.383,27825.0,300333
554,2014-10-14,8.558,8.631,8.777,8.505,33762.0,300333
555,2014-10-15,8.621,8.615,8.635,8.482,22186.0,300333
556,2014-10-16,8.631,8.658,8.817,8.519,42997.0,300333
557,2014-10-17,8.681,8.317,8.698,8.138,54333.0,300333
558,2014-10-20,8.28,8.399,8.399,8.201,26489.0,300333
559,2014-10-21,8.346,8.383,8.439,8.283,19740.0,300333
560,2014-10-22,8.35,8.38,8.598,8.333,35862.0,300333
561,2014-10-23,8.433,8.114,8.443,8.018,31601.0,300333
562,2014-10-24,8.085,8.181,8.234,8.025,17306.0,300333
563,2014-10-27,8.118,8.327,8.363,8.068,19605.0,300333
564,2014-10-28,8.35,8.655,8.665,8.35,45551.0,300333
565,2014-10-29,8.648,8.658,8.754,8.588,44453.0,300333
566,2014-10-30,8.665,8.605,8.754,8.578,34489.0,300333
567,2014-10-31,8.615,8.525,8.655,8.383,32495.0,300333
568,2014-11-03,8.542,8.933,8.993,8.443,74446.0,300333
569,2014-11-04,8.9,8.933,9.105,8.797,63827.0,300333
570,2014-11-05,8.88,9.029,9.102,8.78,41928.0,300333
571,2014-11-06,8.996,9.509,9.586,8.976,82832.0,300333
572,2014-11-07,9.509,9.327,9.682,9.201,51711.0,300333
573,2014-11-10,9.37,9.559,9.804,9.301,53204.0,300333
574,2014-11-11,9.443,8.949,9.576,8.847,65791.0,300333
575,2014-11-12,8.946,9.171,9.171,8.87,48440.0,300333
576,2014-11-13,9.072,8.85,9.072,8.847,38731.0,300333
577,2014-11-14,8.784,8.698,8.807,8.525,35420.0,300333
578,2014-11-17,8.648,8.979,9.095,8.555,37610.0,300333
579,2014-11-18,9.016,9.228,9.291,8.883,45160.0,300333
580,2014-11-19,9.234,9.327,9.423,9.069,39886.0,300333
581,2014-11-20,9.244,9.327,9.41,9.055,34583.0,300333
582,2014-11-21,9.446,10.262,10.262,9.446,32146.0,300333
583,2014-11-24,11.1,10.924,11.1,10.454,121446.0,300333
584,2014-11-25,10.792,10.921,11.441,10.702,77889.0,300333
585,2014-11-26,10.924,11.282,11.431,10.924,70131.0,300333
586,2014-11-27,11.338,10.947,11.497,10.768,56536.0,300333
587,2014-11-28,10.951,10.759,11.146,10.566,64505.0,300333
588,2014-12-01,10.795,11.835,11.835,10.795,109245.0,300333
589,2014-12-02,11.892,12.147,12.442,11.888,117291.0,300333
590,2014-12-03,12.153,11.912,12.153,11.501,78932.0,300333
591,2014-12-04,11.922,12.283,12.687,11.912,79022.0,300333
592,2014-12-05,12.276,12.352,12.634,11.663,64512.0,300333
593,2014-12-08,12.094,11.116,12.16,11.116,100174.0,300333
594,2014-12-09,10.768,10.006,10.934,10.006,86454.0,300333
595,2014-12-10,10.006,10.112,10.447,9.678,42921.0,300333
596,2014-12-11,9.94,9.784,10.209,9.569,73877.0,300333
597,2014-12-12,9.837,10.288,10.427,9.791,52281.0,300333
598,2014-12-15,10.271,10.626,10.762,10.175,62146.0,300333
599,2014-12-16,10.626,10.255,10.689,10.248,38800.0,300333
600,2014-12-17,10.252,9.977,10.255,9.874,32676.0,300333
601,2014-12-18,9.973,10.003,10.325,9.774,37582.0,300333
602,2014-12-19,9.924,9.569,10.04,9.443,35810.0,300333
603,2014-12-22,9.42,8.611,9.42,8.611,52606.0,300333
604,2014-12-23,8.704,8.761,8.936,8.452,25923.0,300333
605,2014-12-24,8.78,9.175,9.175,8.78,33288.0,300333
606,2014-12-25,9.185,9.205,9.311,8.993,29981.0,300333
607,2014-12-26,9.142,9.019,9.205,8.949,20741.0,300333
608,2014-12-29,8.979,8.658,9.026,8.466,23610.0,300333
609,2014-12-30,8.585,8.525,8.741,8.443,21910.0,300333
610,2014-12-31,8.608,8.714,8.78,8.549,17298.0,300333
611,2015-01-05,8.774,8.393,8.774,8.25,27554.0,300333
612,2015-01-06,8.383,8.87,8.88,8.277,41829.0,300333
613,2015-01-07,8.774,8.731,8.837,8.519,26591.0,300333
614,2015-01-08,8.681,8.807,8.989,8.615,36081.0,300333
615,2015-01-09,8.78,8.704,9.046,8.674,30306.0,300333
616,2015-01-12,8.618,8.28,8.711,8.25,31123.0,300333
617,2015-01-13,8.283,8.724,8.827,8.118,38002.0,300333
618,2015-01-14,8.714,8.552,8.731,8.519,22246.0,300333
619,2015-01-15,8.605,8.714,8.936,8.539,27552.0,300333
620,2015-01-16,8.694,9.211,9.377,8.691,45067.0,300333
621,2015-01-19,8.979,9.463,9.808,8.923,70354.0,300333
622,2015-01-20,9.463,10.301,10.311,9.463,58692.0,300333
623,2015-01-21,10.205,10.281,10.464,9.99,48899.0,300333
624,2015-01-22,10.232,10.394,10.6,10.106,29762.0,300333
625,2015-01-23,10.417,10.146,10.553,10.04,28986.0,300333
626,2015-01-26,10.265,10.195,10.361,10.172,22754.0,300333
627,2015-01-27,10.103,10.702,10.778,10.099,31411.0,300333
628,2015-01-28,10.735,10.772,11.259,10.636,35130.0,300333
629,2015-01-29,10.669,10.768,10.99,10.596,20325.0,300333
630,2015-01-30,10.702,9.728,10.702,9.692,53397.0,300333
631,2015-02-02,9.612,10.162,10.172,9.496,23616.0,300333
632,2015-02-03,10.179,10.878,10.934,10.066,24561.0,300333
633,2015-02-04,10.818,10.868,11.199,10.768,20848.0,300333
634,2015-02-05,10.901,11.564,11.597,10.768,29882.0,300333
635,2015-02-06,11.531,11.421,11.825,11.226,27677.0,300333
636,2015-02-09,11.266,10.901,11.627,10.775,15624.0,300333
637,2015-02-10,10.828,11.067,11.08,10.603,16602.0,300333
638,2015-02-11,10.934,11.656,11.769,10.934,20364.0,300333
639,2015-02-12,11.59,11.564,11.756,11.365,11390.0,300333
640,2015-02-13,11.564,11.892,11.994,11.458,18482.0,300333
641,2015-02-16,11.928,12.044,12.124,11.772,13441.0,300333
642,2015-02-17,12.293,12.607,12.856,12.293,26078.0,300333
643,2015-02-25,12.955,13.87,13.87,12.922,15497.0,300333
644,2015-02-26,14.546,14.142,14.619,13.873,38434.0,300333
645,2015-02-27,13.949,15.407,15.503,13.76,31887.0,300333
646,2015-03-02,15.268,15.341,16.057,14.96,27658.0,300333
647,2015-03-03,15.172,15.119,15.838,14.877,25906.0,300333
648,2015-03-04,14.983,14.811,15.351,14.546,22322.0,300333
649,2015-03-05,14.811,15.573,15.662,14.38,22510.0,300333
650,2015-03-06,15.411,15.275,15.735,14.877,21559.0,300333
651,2015-03-09,14.943,15.331,15.772,14.811,13514.0,300333
652,2015-03-10,15.331,15.937,15.994,14.917,17210.0,300333
653,2015-03-11,15.739,14.967,15.904,14.877,20048.0,300333
654,2015-03-12,14.794,15.242,15.725,14.771,20908.0,300333
655,2015-03-13,15.238,15.242,15.394,15.043,16692.0,300333
656,2015-03-16,15.242,15.709,16.067,15.218,18850.0,300333
657,2015-03-17,15.709,16.398,16.567,15.407,22513.0,300333
658,2015-03-18,16.236,16.226,16.53,15.772,21340.0,300333
659,2015-03-19,16.202,15.894,16.381,15.672,14230.0,300333
660,2015-03-20,15.808,16.143,16.524,15.748,13020.0,300333
661,2015-03-23,16.123,17.756,17.756,15.758,34186.0,300333
662,2015-03-24,17.813,19.532,19.532,17.813,51874.0,300333
663,2015-03-25,20.304,19.516,20.404,18.558,46248.0,300333
664,2015-03-26,19.218,17.564,19.413,17.564,36152.0,300333
665,2015-03-27,17.362,18.257,18.542,16.401,46282.9,300333
666,2015-03-30,17.528,17.153,18.091,16.898,25442.0,300333
667,2015-03-31,17.117,17.823,18.224,16.769,27740.0,300333
668,2015-04-01,17.76,17.852,18.422,17.515,17250.0,300333
669,2015-04-02,17.703,18.184,18.472,17.703,19910.0,300333
670,2015-04-03,18.144,17.683,18.144,17.561,20625.0,300333
671,2015-04-07,17.66,17.819,18.068,17.561,24309.0,300333
672,2015-04-08,17.823,19.224,19.602,17.819,44551.0,300333
673,2015-04-09,19.052,18.396,19.145,17.561,23169.0,300333
674,2015-04-10,18.19,19.615,20.062,18.19,19311.0,300333
675,2015-04-13,19.542,21.023,21.464,18.886,17669.0,300333
676,2015-04-14,20.603,20.473,21.365,20.212,12945.0,300333
677,2015-04-15,20.473,18.919,20.841,18.555,15730.0,300333
678,2015-04-16,18.432,18.969,19.824,18.406,8796.0,300333
679,2015-04-17,19.347,18.837,19.459,18.065,12753.0,300333
680,2015-04-20,18.82,17.395,19.307,17.064,18888.0,300333
681,2015-04-21,17.405,18.21,18.366,17.402,18108.0,300333
682,2015-04-22,17.823,18.306,19.224,17.73,15998.0,300333
683,2015-04-23,18.306,18.412,19.085,18.101,12776.0,300333
684,2015-04-24,18.253,18.611,19.052,18.131,19708.0,300333
685,2015-04-27,18.919,19.681,20.473,18.919,25095.0,300333
686,2015-04-28,19.509,18.369,19.874,18.283,21039.0,300333
687,2015-04-29,18.618,19.135,19.546,17.962,16784.0,300333
688,2015-04-30,19.251,20.245,20.54,18.913,23067.0,300333
689,2015-05-04,20.745,22.269,22.269,20.265,22805.0,300333
690,2015-05-05,24.148,24.496,24.496,23.276,29238.0,300333
691,2015-05-06,24.519,25.761,26.944,24.506,28648.0,300333
692,2015-05-07,25.506,28.339,28.339,24.519,19922.0,300333
693,2015-05-08,28.906,31.172,31.172,28.906,26524.0,300333
694,2015-05-11,31.172,33.193,34.287,30.152,26126.0,300333
695,2015-05-12,33.289,35.45,35.619,31.792,18995.0,300333
696,2015-05-13,33.796,32.968,35.453,32.471,15606.0,300333
697,2015-05-14,31.851,30.284,32.968,30.152,20265.0,300333
698,2015-05-15,30.112,31.477,32.633,29.675,16510.0,300333
699,2015-05-18,30.997,34.625,34.625,30.993,23236.0,300333
700,2015-05-19,35.784,38.087,38.087,33.134,18722.0,300333
701,2015-05-20,38.087,40.615,41.898,35.453,14832.0,300333
702,2015-05-21,39.522,39.81,43.866,39.098,10900.0,300333
703,2015-05-22,40.754,38.445,40.754,37.044,14247.0,300333
704,2015-05-25,36.772,37.59,38.922,35.93,8898.0,300333
705,2015-05-26,37.454,41.351,41.351,37.441,9028.0,300333
706,2015-05-27,43.465,42.05,44.396,39.075,13275.0,300333
707,2015-05-28,41.45,40.456,42.909,38.798,17761.0,300333
708,2015-05-29,40.456,42.445,42.445,36.427,19397.0,300333
709,2015-06-01,43.772,46.69,46.69,42.445,10762.0,300333
710,2015-06-02,47.721,51.359,51.359,47.721,15182.0,300333
711,2015-06-03,52.987,56.495,56.495,52.685,13379.0,300333
712,2015-06-04,59.151,56.538,60.259,50.845,19651.0,300333
713,2015-06-05,56.372,53.418,59.357,52.857,9634.0,300333
714,2015-06-08,52.94,50.122,52.94,48.076,14811.0,300333
715,2015-06-09,50.404,53.885,54.214,48.086,9048.0,300333
716,2015-06-10,52.397,54.714,56.432,52.397,7991.0,300333
717,2015-06-11,53.968,53.756,56.256,52.738,7446.0,300333
718,2015-06-12,53.885,53.066,54.051,50.586,6737.0,300333
719,2015-06-15,53.053,47.761,53.056,47.761,10573.0,300333
720,2015-06-16,43.204,47.419,47.741,43.204,13771.0,300333
721,2015-06-17,46.285,49.017,50.171,43.39,18270.0,300333
722,2015-06-18,47.674,46.756,49.077,44.551,9549.0,300333
723,2015-06-19,45.098,44.766,46.524,43.457,6084.0,300333
724,2015-06-23,44.932,45.386,46.093,40.296,10807.0,300333
725,2015-06-24,44.435,44.203,46.093,43.145,6956.0,300333
726,2015-06-25,44.14,40.124,44.766,39.782,15004.0,300333
727,2015-06-26,38.134,36.112,38.134,36.112,4380.0,300333
728,2015-06-29,33.492,32.5,34.818,32.5,2820.0,300333
729,2015-06-30,29.251,35.747,35.75,29.251,36597.0,300333
730,2015-07-01,35.15,32.172,37.139,32.172,25192.0,300333
731,2015-07-02,28.956,28.956,31.171,28.956,18371.0,300333
732,2015-07-03,26.061,26.061,27.357,26.061,18996.0,300333
733,2015-07-06,27.49,23.454,28.153,23.454,17345.0,300333
734,2015-07-07,21.11,21.11,21.11,21.11,242.0,300333
735,2015-07-08,18.998,18.998,22.264,18.998,130007.0,300333
736,2015-07-09,17.097,20.898,20.898,17.097,24337.0,300333
737,2015-07-10,21.922,22.987,22.987,21.554,6881.0,300333
738,2015-07-13,25.285,25.285,25.285,24.207,13910.0,300333
739,2015-07-14,27.788,27.815,27.815,26.197,17971.0,300333
740,2015-07-15,27.589,25.033,28.849,25.033,14751.0,300333
741,2015-07-16,22.529,27.536,27.536,22.529,77282.0,300333
742,2015-07-17,28.518,30.289,30.289,27.632,74032.0,300333
743,2015-07-20,29.844,29.645,31.37,28.687,76573.0,300333
744,2015-07-21,29.254,30.567,31.768,27.689,64468.0,300333
745,2015-07-22,30.342,29.795,31.147,28.292,48223.0,300333
746,2015-07-23,29.745,31.486,32.126,29.181,48415.0,300333
747,2015-07-24,31.336,31.386,33.747,30.395,57332.0,300333
748,2015-07-27,30.69,28.249,32.796,28.249,51018.0,300333
749,2015-07-28,25.527,25.424,28.133,25.424,56461.0,300333
750,2015-07-29,26.064,26.415,26.658,22.881,60720.0,300333
751,2015-07-30,26.193,23.773,26.193,23.773,48219.0,300333
752,2015-07-31,22.546,21.554,23.471,21.395,42130.0,300333
753,2015-08-03,20.569,19.399,20.864,19.399,36757.0,300333
754,2015-08-04,19.598,21.339,21.339,19.502,50929.0,300333
755,2015-08-05,22.015,21.024,22.217,19.896,56763.0,300333
756,2015-08-06,19.896,20.195,20.874,19.548,29510.0,300333
757,2015-08-07,20.559,22.214,22.214,20.51,29245.0,300333
758,2015-08-10,23.537,24.436,24.436,23.484,35082.0,300333
759,2015-08-11,25.533,25.669,26.847,25.202,71875.0,300333
760,2015-08-12,25.135,24.943,26.064,24.771,48298.0,300333
761,2015-08-13,24.681,27.437,27.437,24.671,62141.0,300333
762,2015-08-14,28.849,27.669,29.844,27.53,66106.0,300333
763,2015-08-17,26.86,26.558,27.059,25.567,44939.0,300333
764,2015-08-18,26.034,23.902,28.518,23.902,49593.0,300333
765,2015-08-19,22.327,26.293,26.293,22.327,47606.0,300333
766,2015-08-20,26.031,25.169,27.281,25.036,47639.0,300333
767,2015-08-21,24.234,23.249,25.159,23.046,38114.0,300333
768,2015-08-24,22.151,20.924,22.151,20.924,23681.0,300333
769,2015-08-25,18.832,18.832,20.228,18.832,28544.0,300333
770,2015-08-26,18.835,17.114,19.863,17.021,46826.0,300333
771,2015-08-27,18.072,18.825,18.825,17.31,54217.0,300333
772,2015-08-28,19.23,20.709,20.709,18.271,57248.0,300333
773,2015-08-31,19.896,18.639,20.486,18.639,43391.0,300333
774,2015-09-01,17.989,16.809,18.527,16.809,35497.0,300333
775,2015-09-02,15.585,17.131,18.397,15.536,41763.0,300333
776,2015-09-07,17.409,18.494,18.845,17.243,43149.0,300333
777,2015-09-08,18.537,19.982,20.188,17.303,42189.0,300333
778,2015-09-09,19.896,21.723,21.819,19.465,51468.0,300333
779,2015-09-10,21.007,21.037,21.322,20.327,50240.0,300333
780,2015-09-11,21.04,20.894,21.534,20.609,40241.0,300333
781,2015-09-14,20.634,19.401,21.291,18.804,154538.0,300333
782,2015-09-15,19.202,19.988,21.321,19.072,230649.0,300333
783,2015-09-16,19.898,21.987,21.987,18.257,292953.0,300333
784,2015-09-17,21.381,21.978,23.679,21.072,301189.0,300333
785,2015-09-18,22.375,21.948,22.495,20.306,195725.0,300333
786,2015-09-21,21.291,22.704,22.873,20.764,214821.0,300333
787,2015-09-22,22.873,22.107,23.44,21.888,167298.0,300333
788,2015-09-23,21.331,21.788,22.505,21.172,140882.0,300333
789,2015-09-24,21.997,21.719,22.734,21.391,118229.0,300333
790,2015-09-25,21.4,19.55,21.58,19.55,148863.0,300333
791,2015-09-28,19.102,20.266,20.495,19.102,105583.0,300333
792,2015-09-29,19.649,19.809,19.948,18.903,88359.0,300333
793,2015-09-30,19.829,21.42,21.788,19.361,207005.0,300333
794,2015-10-08,21.57,22.604,23.082,21.49,180458.0,300333
795,2015-10-09,22.385,22.724,22.903,22.037,127971.0,300333
796,2015-10-12,22.634,24.047,24.355,22.545,177447.0,300333
797,2015-10-13,23.997,25.141,25.261,23.858,197445.0,300333
798,2015-10-14,24.753,24.375,24.873,23.898,150712.0,300333
799,2015-10-15,24.146,26.813,26.813,24.077,181358.0,300333
800,2015-10-16,27.758,27.867,28.604,26.972,240208.0,300333
801,2015-10-19,27.877,26.673,27.877,25.768,204776.0,300333
802,2015-10-20,26.116,27.28,28.027,25.888,177864.0,300333
803,2015-10-21,27.32,26.763,28.434,25.917,317272.0,300333
804,2015-10-22,26.027,27.917,28.852,25.848,268412.0,300333
805,2015-10-23,28.156,28.832,29.947,27.42,339424.0,300333
806,2015-10-26,28.952,27.559,29.051,26.992,241572.0,300333
807,2015-10-27,27.29,27.141,27.738,24.873,179591.0,300333
808,2015-10-28,27.131,25.579,27.539,25.37,132925.0,300333
809,2015-10-29,26.375,25.47,26.405,24.982,145784.0,300333
810,2015-10-30,25.38,25.718,26.644,24.624,186279.0,300333
811,2015-11-02,24.674,24.395,26.007,24.226,120126.0,300333
812,2015-11-03,24.455,24.674,25.271,24.355,90831.0,300333
813,2015-11-04,24.714,26.465,26.863,24.714,155111.0,300333
814,2015-11-05,26.574,25.738,27.191,25.47,162763.0,300333
815,2015-11-06,25.907,26.564,26.743,25.907,148289.0,300333
816,2015-11-09,25.957,27.161,27.35,25.47,192044.0,300333
817,2015-11-10,26.833,27.469,28.325,26.683,204408.0,300333
818,2015-11-11,27.36,28.405,28.415,27.061,250326.0,300333
819,2015-11-12,28.733,27.668,29.35,27.141,266156.0,300333
820,2015-11-13,26.863,26.196,27.36,25.868,157076.0,300333
821,2015-11-16,25.36,27.251,27.44,24.873,165852.0,300333
822,2015-11-17,27.748,25.967,27.907,25.868,255830.0,300333
823,2015-11-18,26.256,25.301,26.683,25.281,126218.0,300333
824,2015-11-19,25.42,27.828,27.828,25.42,348308.0,300333
825,2015-11-20,28.803,30.613,30.613,28.564,422672.0,300333
826,2015-11-23,32.832,32.096,33.678,31.857,592481.0,300333
827,2015-11-24,31.429,32.404,32.484,30.146,300218.0,300333
828,2015-11-25,32.056,32.991,35.508,31.857,363152.0,300333
829,2015-11-26,32.732,34.474,34.822,32.374,345487.0,300333
830,2015-11-27,33.827,31.031,34.424,31.031,266561.0,300333
831,2015-11-30,30.991,31.31,31.797,28.076,235673.0,300333
832,2015-12-01,31.141,29.797,31.141,29.409,171466.0,300333
833,2015-12-02,29.31,28.106,30.136,27.111,131067.0,300333
834,2015-12-03,29.837,30.922,30.922,29.151,48582.0,300333
835,2015-12-04,34.016,34.016,34.016,34.016,29735.0,300333
836,2015-12-07,36.812,37.418,37.418,34.056,544390.0,300333
837,2015-12-08,37.409,41.159,41.159,36.822,528389.0,300333
838,2015-12-09,40.791,40.99,42.741,38.801,476338.0,300333
839,2015-12-10,40.164,42.015,44.91,39.279,431859.0,300333
840,2015-12-11,40.612,40.582,43.856,40.125,286840.0,300333
841,2015-12-14,39.478,42.522,44.154,38.911,292129.0,300333
842,2015-12-15,41.886,46.771,46.771,41.886,213381.0,300333
843,2015-12-16,49.248,48.651,51.447,48.153,338821.0,300333
844,2015-12-17,48.651,52.72,53.068,47.557,355642.0,300333
845,2015-12-18,51.387,49.298,52.342,48.711,286242.0,300333
846,2015-12-21,48.253,48.502,50.899,46.98,192121.0,300333
847,2015-12-22,48.153,49.964,50.899,47.557,171168.0,300333
848,2015-12-23,49.944,47.059,50.84,46.96,174834.0,300333
849,2015-12-24,46.064,46.81,47.955,44.234,166896.0,300333
850,2015-12-25,46.562,45.209,47.457,44.771,108652.0,300333
851,2015-12-28,45.219,45.368,47.417,45.219,151093.0,300333
852,2015-12-29,45.219,46.611,47.119,43.477,156560.0,300333
853,2015-12-30,46.562,50.014,50.591,46.024,269066.0,300333
854,2015-12-31,49.835,47.756,51.357,47.358,184168.0,300333
855,2016-01-04,46.92,42.98,47.706,42.98,113360.0,300333
856,2016-01-05,38.702,38.682,41.667,38.682,174578.0,300333
857,2016-01-06,39.786,40.294,41.667,37.707,161824.0,300333
858,2016-01-07,38.702,36.264,38.801,36.264,31864.0,300333
859,2016-01-08,36.792,36.961,38.075,32.832,144328.0,300333
860,2016-01-11,35.12,33.27,35.538,33.27,108086.0,300333
861,2016-01-12,29.947,29.947,30.892,29.947,200554.0,300333
862,2016-01-13,29.549,26.962,30.046,26.952,207943.0,300333
863,2016-01-14,24.873,27.897,28.663,24.475,242656.0,300333
864,2016-01-15,27.061,26.067,27.32,25.111,249183.0,300333
865,2016-01-18,25.082,26.992,27.857,24.674,269911.0,300333
866,2016-01-19,26.992,28.842,29.599,26.027,294523.0,300333
867,2016-01-20,28.265,28.564,29.837,27.877,252130.0,300333
868,2016-01-21,27.977,26.992,29.827,26.365,252437.0,300333
869,2016-01-22,27.658,26.853,27.838,25.858,204232.0,300333
870,2016-01-25,26.932,27.111,27.778,26.246,184120.0,300333
871,2016-01-26,26.455,24.405,26.634,24.405,161487.0,300333
872,2016-01-27,23.778,24.345,24.345,21.968,238265.0,300333
873,2016-01-28,23.36,22.982,23.878,22.186,165710.0,300333
874,2016-01-29,23.062,24.375,25.072,22.415,201175.0,300333
875,2016-02-01,23.878,22.982,24.077,22.137,192374.0,300333
876,2016-02-02,23.002,25.281,25.281,22.992,235410.0,300333
877,2016-02-03,24.972,25.37,25.718,24.286,241449.0,300333
878,2016-02-04,25.37,25.808,26.236,25.241,236094.0,300333
879,2016-02-05,25.868,24.942,25.967,24.883,141912.0,300333
880,2016-02-15,23.291,24.534,24.823,23.291,130463.0,300333
881,2016-02-16,24.793,26.992,26.992,24.793,134314.0,300333
882,2016-02-17,27.957,27.619,28.335,26.912,319610.0,300333
883,2016-02-18,27.658,27.499,28.474,26.982,310718.0,300333
884,2016-02-19,27.26,28.653,29.837,26.962,370720.0,300333
885,2016-02-22,29.051,29.171,29.35,28.176,301661.0,300333
886,2016-02-23,29.201,28.663,29.201,27.678,251583.0,300333
887,2016-02-24,28.255,28.405,28.952,27.509,193664.0,300333
888,2016-02-25,28.335,25.569,28.355,25.569,199943.0,300333
889,2016-02-26,25.37,24.723,25.848,23.679,189870.0,300333
890,2016-02-29,23.878,22.256,24.345,22.256,157846.0,300333
891,2016-03-01,22.256,22.684,23.231,20.724,197196.0,300333
892,2016-03-02,22.385,23.649,23.878,21.808,232549.0,300333
893,2016-03-03,23.609,23.53,25.171,23.281,239017.0,300333
894,2016-03-04,23.082,21.48,23.36,21.271,198424.0,300333
895,2016-03-07,21.888,22.296,23.072,21.818,153225.0,300333
896,2016-03-08,21.938,22.485,22.684,20.495,184514.0,300333
897,2016-03-09,21.52,21.788,22.634,21.391,134181.0,300333
898,2016-03-10,21.739,21.54,22.266,21.4,111907.0,300333
899,2016-03-11,21.032,21.341,21.629,20.943,90998.0,300333
900,2016-03-14,21.918,22.604,23.181,21.729,186002.0,300333
901,2016-03-15,22.684,22.286,22.863,22.047,142677.0,300333
902,2016-03-16,22.833,22.286,23.181,21.818,143312.0,300333
903,2016-03-17,22.395,23.768,24.276,22.196,274464.0,300333
904,2016-03-18,23.679,26.146,26.146,23.53,355400.0,300333
905,2016-03-21,26.146,26.942,27.241,25.778,450119.0,300333
906,2016-03-22,26.375,26.146,26.803,25.967,235240.0,300333
907,2016-03-23,26.067,27.012,27.121,25.888,273821.0,300333
908,2016-03-24,26.664,25.818,26.853,25.778,262187.0,300333
909,2016-03-25,25.509,26.713,28.017,25.39,221048.0,300333
910,2016-03-28,26.882,25.758,27.36,25.519,228423.0,300333
911,2016-03-29,25.768,24.932,26.166,24.077,179299.0,300333
912,2016-03-30,25.35,26.285,26.425,25.072,184504.0,300333
913,2016-03-31,26.763,26.892,27.758,26.375,287041.0,300333
914,2016-04-01,26.465,25.997,26.833,25.35,213396.0,300333
915,2016-04-05,26.116,27.41,27.619,25.768,236403.0,300333
916,2016-04-06,27.31,28.454,30.096,27.042,344958.0,300333
917,2016-04-07,28.614,26.932,28.813,26.912,299026.0,300333
918,2016-04-08,26.455,26.246,26.524,25.569,232193.0,300333
919,2016-04-11,26.514,26.733,27.241,26.514,189018.0,300333
920,2016-04-12,26.474,26.315,26.733,25.728,156707.0,300333
921,2016-04-13,26.664,26.743,27.539,26.564,227032.0,300333
922,2016-04-14,27.161,27.191,27.29,26.465,167411.0,300333
923,2016-04-15,27.459,27.012,27.549,26.743,159658.0,300333
924,2016-04-18,26.564,25.997,26.564,25.868,153674.0,300333
925,2016-04-19,26.285,26.077,26.445,25.878,126826.0,300333
926,2016-04-20,26.445,23.878,26.534,23.53,237780.0,300333
927,2016-04-21,23.629,23.241,24.077,22.913,142451.0,300333
928,2016-04-22,22.883,23.589,23.669,22.684,102181.0,300333
929,2016-04-25,23.102,23.171,23.331,22.684,88519.0,300333
930,2016-04-26,23.181,23.639,23.679,22.992,90813.0,300333
931,2016-04-27,23.858,23.181,23.858,23.002,93170.0,300333
932,2016-04-28,23.201,23.997,24.425,22.555,154511.0,300333
933,2016-04-29,23.758,23.43,23.957,23.301,92449.0,300333
934,2016-05-03,23.261,24.723,24.763,23.191,147318.0,300333
935,2016-05-04,24.664,24.793,25.848,24.475,170805.0,300333
936,2016-05-05,24.714,24.932,25.221,24.495,93289.0,300333
937,2016-05-06,24.932,22.913,25.201,22.883,183568.0,300333
938,2016-05-09,22.545,22.107,22.565,21.888,121453.0,300333
939,2016-05-10,22.206,22.316,22.465,22.067,62265.0,300333
940,2016-05-11,22.485,22.087,22.634,22.037,72423.0,300333
941,2016-05-12,21.828,21.978,22.087,21.132,70995.0,300333
942,2016-05-13,22.186,21.709,22.485,21.49,73974.0,300333
943,2016-05-16,21.828,22.196,22.216,21.391,69821.0,300333
944,2016-05-17,22.276,22.375,22.853,21.838,126655.0,300333
945,2016-05-18,21.987,21.301,22.067,21.082,98158.0,300333
946,2016-05-19,21.48,21.619,22.366,21.44,123341.0,300333
947,2016-05-20,21.271,22.047,22.177,21.172,84851.0,300333
948,2016-05-23,22.236,22.246,22.515,22.007,93879.0,300333
949,2016-05-24,22.236,21.739,22.236,21.599,66612.0,300333
950,2016-05-25,22.007,21.828,22.445,21.769,90417.0,300333
951,2016-05-26,21.689,22.137,22.137,21.172,94133.0,300333
952,2016-05-27,21.987,21.868,22.157,21.858,62143.0,300333
953,2016-05-30,21.808,21.648,22.007,21.439,52947.0,300333
954,2016-05-31,21.449,23.243,23.363,21.449,169087.0,300333
955,2016-06-01,23.353,23.183,23.423,22.974,142567.0,300333
956,2016-06-02,23.104,23.413,23.492,22.934,123629.0,300333
957,2016-06-03,23.303,23.353,23.801,23.044,153520.0,300333
958,2016-06-06,23.502,23.153,23.702,22.934,108007.0,300333
959,2016-06-07,23.223,23.303,23.622,23.034,100545.0,300333
960,2016-06-08,23.253,23.313,23.572,22.944,92891.0,300333
961,2016-06-13,22.914,20.981,22.924,20.981,118502.0,300333
962,2016-06-14,21.04,21.11,21.359,20.851,80585.0,300333
963,2016-06-15,20.921,21.818,22.177,20.532,93511.0,300333
964,2016-06-16,21.898,21.319,21.987,21.23,84549.0,300333
965,2016-06-17,21.409,21.748,22.316,21.409,85530.0,300333
966,2016-06-20,21.898,21.788,21.987,21.439,59710.0,300333
967,2016-06-21,22.147,21.609,22.276,21.389,83171.0,300333
968,2016-06-22,21.479,22.984,23.771,21.439,142127.0,300333
969,2016-06-23,22.795,22.645,23.213,22.436,108212.0,300333
970,2016-06-24,22.575,22.097,23.084,20.941,122145.0,300333
971,2016-06-27,21.828,23.024,23.263,21.738,132719.0,300333
972,2016-06-28,23.024,23.981,24.369,22.874,214989.0,300333
973,2016-06-29,24.1,23.562,24.1,23.403,130570.0,300333
974,2016-06-30,23.652,23.722,24.12,23.423,118501.0,300333
975,2016-07-01,23.761,23.243,24.03,23.074,112981.0,300333
976,2016-07-04,23.024,23.801,24.12,22.934,131189.0,300333
977,2016-07-05,23.771,23.781,24.16,23.423,96171.0,300333
978,2016-07-06,23.821,23.921,24.011,23.472,94986.0,300333
979,2016-07-07,23.821,23.373,23.991,23.233,125767.0,300333
980,2016-07-08,23.522,24.11,24.918,23.323,214495.0,300333
981,2016-07-11,24.021,23.542,24.419,23.472,151850.0,300333
982,2016-07-12,23.452,24.27,24.27,23.044,172255.0,300333
983,2016-07-13,24.32,24.409,24.758,23.951,166385.0,300333
984,2016-07-14,24.389,24.997,25.366,23.931,193248.0,300333
985,2016-07-15,24.619,24.16,24.698,24.11,146722.0,300333
986,2016-07-18,23.921,24.1,24.28,23.632,84809.0,300333
987,2016-07-19,23.971,24.519,24.519,23.891,90001.0,300333
988,2016-07-20,24.429,24.12,24.688,24.08,86520.0,300333
989,2016-07-21,24.12,23.971,24.409,23.871,85521.0,300333
990,2016-07-22,23.901,23.652,23.991,23.423,91275.0,300333
991,2016-07-25,23.642,23.542,23.881,23.333,62888.0,300333
992,2016-07-26,23.642,23.861,23.981,23.522,65429.0,300333
993,2016-07-27,24.001,21.838,24.001,21.728,145814.0,300333
994,2016-07-28,21.818,21.21,22.107,20.741,111873.0,300333
995,2016-07-29,21.329,20.871,21.329,20.791,62041.0,300333
996,2016-08-01,20.871,20.741,21.01,20.064,76135.0,300333
997,2016-08-02,20.751,20.871,20.991,20.692,40104.0,300333
998,2016-08-03,20.751,20.721,21.03,20.462,51548.0,300333
999,2016-08-04,20.731,20.941,21.08,20.582,56838.0,300333
1000,2016-08-05,20.921,20.602,21.03,20.532,49394.0,300333
1001,2016-08-08,20.542,20.821,20.901,20.393,43978.0,300333
1002,2016-08-09,20.811,21.609,21.688,20.761,95313.0,300333
1003,2016-08-10,21.529,21.3,21.888,21.27,64157.0,300333
1004,2016-08-11,21.339,20.702,21.409,20.642,54673.0,300333
1005,2016-08-12,20.622,20.981,21.01,20.512,44500.0,300333
1006,2016-08-15,21.09,21.648,21.798,20.592,91387.0,300333
1007,2016-08-16,21.718,21.569,21.818,21.509,67125.0,300333
1008,2016-08-17,21.599,21.698,22.177,21.409,75040.0,300333
1009,2016-08-18,21.698,21.698,22.027,21.509,62245.0,300333
1010,2016-08-19,21.768,21.688,21.828,21.539,41056.0,300333
1011,2016-08-22,21.688,21.03,21.848,21.03,56327.0,300333
1012,2016-08-23,20.991,21.09,21.28,20.831,41252.0,300333
1013,2016-08-24,21.1,21.3,21.569,21.1,50521.0,300333
1014,2016-08-25,21.11,21.07,21.21,20.562,49578.0,300333
1015,2016-08-26,21.16,21.09,21.479,21.01,44525.0,300333
1016,2016-08-29,21.1,21.09,21.3,20.951,33613.0,300333
1017,2016-08-30,21.08,21.14,21.309,21.08,32442.0,300333
1018,2016-08-31,21.2,21.12,21.23,20.831,38955.0,300333
1019,2016-09-01,21.14,20.602,21.18,20.562,74888.0,300333
1020,2016-09-02,20.652,20.422,20.682,20.253,64725.0,300333
1021,2016-09-05,20.542,20.343,20.622,20.283,40065.0,300333
1022,2016-09-06,20.402,20.831,20.921,20.054,71478.0,300333
1023,2016-09-07,20.881,20.771,21.11,20.731,61989.0,300333
1024,2016-09-08,20.841,20.931,21.24,20.721,62295.0,300333
1025,2016-09-09,21.03,20.751,21.04,20.702,43837.0,300333
1026,2016-09-12,20.313,19.824,20.542,19.824,72108.0,300333
1027,2016-09-13,19.924,20.064,20.532,19.745,75736.0,300333
1028,2016-09-14,19.824,20.034,20.253,19.735,45259.0,300333
1029,2016-09-19,20.044,20.153,20.353,20.044,32213.0,300333
1030,2016-09-20,20.183,20.064,20.263,20.034,26708.0,300333
1031,2016-09-21,20.054,20.153,20.353,19.964,57362.0,300333
1032,2016-09-22,20.323,20.054,20.432,19.954,57325.0,300333
1033,2016-09-23,19.934,19.137,19.934,18.947,145133.0,300333
1034,2016-09-26,19.017,18.539,19.047,18.529,86938.0,300333
1035,2016-09-27,18.469,18.838,18.858,18.439,54766.0,300333
1036,2016-09-28,18.768,18.718,18.828,18.608,41107.0,300333
1037,2016-09-29,18.788,18.648,18.818,18.638,34403.0,300333
1038,2016-09-30,18.579,18.708,18.768,18.569,28938.0,300333
1039,2016-10-10,18.838,19.376,19.446,18.798,83467.0,300333
1040,2016-10-11,19.316,19.196,19.376,19.017,60546.0,300333
1041,2016-10-12,19.087,19.226,19.366,19.017,52520.0,300333
1042,2016-10-13,19.256,19.236,19.386,19.097,46805.0,300333
1043,2016-10-14,19.167,19.177,19.306,18.987,36831.0,300333
1044,2016-10-17,19.167,18.848,19.226,18.838,47879.0,300333
1045,2016-10-18,18.897,19.236,19.286,18.838,57958.0,300333
1046,2016-10-19,19.236,19.177,19.326,19.077,44945.0,300333
1047,2016-10-20,19.226,19.336,19.466,19.137,57525.0,300333
1048,2016-10-21,19.366,19.535,19.824,19.216,93026.0,300333
1049,2016-10-24,19.535,19.486,19.665,19.236,60676.0,300333
1050,2016-10-25,19.486,19.914,20.422,19.316,129983.0,300333
1051,2016-10-26,19.725,19.336,19.775,18.539,95206.0,300333
1052,2016-10-27,19.246,19.376,19.585,19.206,48556.0,300333
1053,2016-10-28,19.266,19.137,19.476,19.127,42341.0,300333
1054,2016-10-31,19.037,18.888,19.097,18.798,45148.0,300333
1055,2016-11-01,18.888,19.067,19.137,18.858,40505.0,300333
1056,2016-11-02,18.937,18.798,19.037,18.738,46297.0,300333
1057,2016-11-03,18.698,18.868,19.097,18.648,59754.0,300333
1058,2016-11-04,18.818,18.907,19.017,18.788,41960.0,300333
1059,2016-11-07,18.848,19.007,19.216,18.818,58920.0,300333
1060,2016-11-08,19.216,19.117,19.286,18.967,57709.0,300333
1061,2016-11-09,19.206,18.728,19.216,18.499,73210.0,300333
1062,2016-11-10,18.838,18.997,19.047,18.788,52494.0,300333
1063,2016-11-11,18.957,19.466,19.615,18.888,93387.0,300333
1064,2016-11-14,19.625,20.123,21.03,19.496,197566.0,300333
1065,2016-11-15,19.934,20.313,20.313,19.755,112447.0,300333
1066,2016-11-16,20.353,20.014,20.522,19.964,96200.0,300333
1067,2016-11-17,19.914,19.735,19.914,19.565,65880.0,300333
1068,2016-11-18,19.745,19.645,19.884,19.585,43729.0,300333
1069,2016-11-21,19.625,19.595,19.795,19.456,50279.0,300333
1070,2016-11-22,19.585,19.964,20.024,19.575,69351.0,300333
1071,2016-11-23,20.034,19.834,20.462,19.785,130037.0,300333
1072,2016-11-24,19.685,19.476,19.864,19.406,78868.0,300333
1073,2016-11-25,19.476,19.914,19.994,19.157,79195.0,300333
1074,2016-11-28,20.024,19.824,20.024,19.725,55570.0,300333
1075,2016-11-29,19.725,19.635,19.894,19.545,52491.0,300333
1076,2016-11-30,19.715,20.103,20.203,19.565,109244.0,300333
1077,2016-12-01,20.084,19.984,20.183,19.854,72748.0,300333
1078,2016-12-02,19.934,19.117,19.994,19.077,84783.0,300333
1079,2016-12-05,18.947,19.047,19.236,18.828,40527.0,300333
1080,2016-12-06,19.087,18.888,19.196,18.838,34063.0,300333
1081,2016-12-07,18.838,19.127,19.177,18.838,28418.0,300333
1082,2016-12-08,19.167,18.838,19.167,18.818,38204.0,300333
1083,2016-12-09,18.848,18.897,19.117,18.708,47407.0,300333
1084,2016-12-12,18.897,17.044,18.907,17.004,85010.0,300333
1085,2016-12-13,16.944,17.392,17.542,16.585,72857.0,300333
1086,2016-12-14,17.213,16.974,17.293,16.944,34892.0,300333
1087,2016-12-15,16.894,17.253,17.622,16.874,52738.0,300333
1088,2016-12-16,17.243,17.472,17.632,17.213,42543.0,300333
1089,2016-12-19,17.263,17.103,17.462,17.004,32339.0,300333
1090,2016-12-20,17.103,17.153,17.293,17.034,33984.0,300333
1091,2016-12-21,18.838,17.751,18.868,17.622,106121.0,300333
1092,2016-12-22,17.741,17.542,18.02,17.303,55978.0,300333
1093,2016-12-23,17.572,17.113,17.572,17.093,46774.0,300333
1094,2016-12-26,17.044,17.363,17.432,16.595,58027.0,300333
1095,2016-12-27,17.333,17.363,17.442,17.163,29785.0,300333
1096,2016-12-28,17.343,17.153,17.432,17.103,21607.0,300333
1097,2016-12-29,17.133,17.083,17.382,17.034,36001.0,300333
1098,2016-12-30,17.103,16.914,17.193,16.824,36486.0,300333
1099,2017-01-03,16.954,16.984,17.093,16.844,37163.0,300333
1100,2017-01-04,17.024,17.273,17.293,16.894,53127.0,300333
1101,2017-01-05,17.273,17.153,17.273,17.093,37838.0,300333
1102,2017-01-06,17.153,16.765,17.153,16.765,45272.0,300333
1103,2017-01-09,16.695,16.924,16.924,16.685,25649.0,300333
1104,2017-01-10,16.914,16.765,17.014,16.745,25256.0,300333
1105,2017-01-11,16.695,16.655,16.834,16.466,37177.0,300333
1106,2017-01-12,16.665,16.705,16.834,16.625,28071.0,300333
1107,2017-01-13,16.655,16.107,16.784,15.897,51444.0,300333
1108,2017-01-16,16.047,14.751,16.087,14.492,84641.0,300333
1109,2017-01-17,14.701,15.399,15.509,13.964,119620.0,300333
1110,2017-01-18,15.16,15.14,15.25,14.831,57963.0,300333
1111,2017-01-19,15.05,14.961,15.12,14.771,42175.0,300333
1112,2017-01-20,14.911,16.456,16.456,14.911,77978.0,300333
1113,2017-01-23,16.535,16.386,16.894,16.167,127775.0,300333
1114,2017-01-24,16.206,15.848,16.206,15.698,78928.0,300333
1115,2017-01-25,15.858,15.549,16.037,15.429,63796.0,300333
1116,2017-01-26,15.549,15.618,15.808,15.449,38089.0,300333
1117,2017-02-03,15.738,15.598,15.738,15.359,28272.0,300333
1118,2017-02-06,15.549,15.828,15.937,15.459,40221.0,300333
1119,2017-02-07,15.748,15.409,15.808,15.17,73359.0,300333
1120,2017-02-08,15.329,15.658,15.708,15.279,57548.0,300333
1121,2017-02-09,15.608,16.017,16.226,15.529,90760.0,300333
1122,2017-02-10,15.937,15.718,15.997,15.708,57753.0,300333
1123,2017-02-13,15.718,15.927,16.794,15.459,84802.0,300333
1124,2017-02-14,15.848,15.848,16.167,15.798,56332.0,300333
1125,2017-02-15,15.698,15.11,15.718,15.1,90649.0,300333
1126,2017-02-16,15.02,15.25,15.349,15.02,43521.0,300333
1127,2017-02-17,15.23,14.98,15.379,14.921,53352.0,300333
1128,2017-02-20,15.08,15.2,15.21,14.861,38082.0,300333
1129,2017-02-21,15.22,15.449,15.678,15.09,67394.0,300333
1130,2017-02-22,15.439,15.269,15.539,15.04,103485.0,300333
1131,2017-02-23,15.2,15.489,15.489,15.0,86343.0,300333
1132,2017-02-24,15.389,15.658,15.748,15.309,94839.0,300333
1133,2017-02-27,15.668,15.469,15.828,15.369,65740.0,300333
1134,2017-02-28,15.499,15.618,15.698,15.369,48727.0,300333
1135,2017-03-01,15.578,15.549,15.748,15.429,47960.0,300333
1136,2017-03-02,15.519,15.419,15.648,15.349,43438.0,300333
1137,2017-03-03,15.369,15.519,15.598,15.16,49012.0,300333
1138,2017-03-06,15.499,15.828,16.037,15.499,85240.0,300333
1139,2017-03-07,15.818,15.897,15.927,15.698,54706.0,300333
1140,2017-03-08,15.877,15.688,15.927,15.628,43369.0,300333
1141,2017-03-09,15.638,15.588,15.738,15.459,31190.0,300333
1142,2017-03-10,15.628,15.529,15.698,15.469,29698.0,300333
1143,2017-03-13,15.489,15.479,15.489,15.15,44184.0,300333
1144,2017-03-14,15.499,15.319,15.509,15.299,43486.0,300333
1145,2017-03-15,15.269,15.389,15.509,15.2,39160.0,300333
1146,2017-03-16,15.479,15.588,15.658,15.349,49213.0,300333
1147,2017-03-17,15.549,15.319,15.877,15.309,84009.0,300333
1148,2017-03-20,15.289,15.449,15.469,15.13,52808.0,300333
1149,2017-03-21,15.349,15.369,15.489,15.289,32064.0,300333
1150,2017-03-22,15.25,15.1,15.349,15.03,47329.0,300333
1151,2017-03-23,15.14,15.449,15.449,15.05,76428.0,300333
1152,2017-03-24,15.459,15.549,15.768,15.449,120512.0,300333
1153,2017-03-27,15.429,15.25,15.549,15.25,52043.0,300333
1154,2017-03-28,15.22,15.15,15.279,15.1,35832.0,300333
1155,2017-03-29,15.13,14.951,15.21,14.951,40972.0,300333
1156,2017-03-30,14.801,14.233,14.901,14.163,66219.0,300333
1157,2017-03-31,14.253,14.402,14.552,14.113,47876.0,300333
1158,2017-04-05,14.333,14.562,14.612,14.313,38995.0,300333
1159,2017-04-06,14.542,14.681,15.08,14.432,54554.0,300333
1160,2017-04-07,14.562,14.522,14.681,14.482,32644.0,300333
1161,2017-04-10,14.522,14.093,14.522,13.954,63485.0,300333
1162,2017-04-11,14.093,14.103,14.133,13.774,55438.0,300333
1163,2017-04-12,14.113,13.884,14.133,13.854,32202.0,300333
1164,2017-04-13,13.804,13.904,14.004,13.804,28227.0,300333
1165,2017-04-14,13.814,14.034,14.143,13.814,46186.0,300333
1166,2017-04-17,14.054,13.804,14.054,13.625,40670.0,300333
1167,2017-04-18,13.675,13.166,13.784,13.007,66250.0,300333
1168,2017-04-19,13.127,13.067,13.127,12.389,88762.0,300333
1169,2017-04-20,12.907,12.997,13.027,12.558,53052.0,300333
1170,2017-04-21,13.057,12.917,13.057,12.768,30407.0,300333
1171,2017-04-24,12.867,12.857,12.897,12.429,44059.0,300333
1172,2017-04-25,12.788,12.957,13.147,12.728,48312.0,300333
1173,2017-04-26,12.877,12.907,12.957,12.668,30668.0,300333
1174,2017-04-27,12.857,13.137,13.226,12.499,76669.0,300333
1175,2017-04-28,13.077,13.107,13.176,13.017,35020.0,300333
1176,2017-05-02,13.216,13.067,13.216,12.907,29152.0,300333
1177,2017-05-03,12.977,13.007,13.097,12.857,27469.0,300333
1178,2017-05-04,12.997,12.987,13.107,12.818,34064.0,300333
1179,2017-05-05,12.828,12.887,12.967,12.768,30786.0,300333
1180,2017-05-08,12.838,12.967,13.236,12.728,61104.0,300333
1181,2017-05-09,12.857,13.107,13.117,12.818,39300.0,300333
1182,2017-05-10,13.057,12.828,13.137,12.439,60648.0,300333
1183,2017-05-11,12.568,12.828,12.907,11.98,51075.0,300333
1184,2017-05-12,12.668,12.828,12.857,12.578,36350.0,300333
1185,2017-05-15,13.456,13.256,13.814,13.236,148590.0,300333
1186,2017-05-16,13.007,13.176,13.236,12.558,114386.0,300333
1187,2017-05-17,13.156,13.176,13.456,13.057,81529.0,300333
1188,2017-05-18,12.967,12.907,13.196,12.907,45834.0,300333
1189,2017-05-19,12.867,12.848,12.947,12.558,66661.0,300333
1190,2017-05-22,12.758,12.828,12.907,12.429,55267.0,300333
1191,2017-05-23,12.758,12.459,12.758,11.95,53908.0,300333
1192,2017-05-24,12.259,12.309,12.429,12.09,41005.0,300333
1193,2017-05-25,12.329,12.339,12.509,12.03,44940.0,300333
1194,2017-05-26,12.339,12.309,12.409,12.249,24714.0,300333
1195,2017-05-31,12.459,12.309,12.549,12.299,36772.0,300333
1196,2017-06-01,12.24,11.861,12.249,11.761,47579.0,300333
1197,2017-06-02,11.781,11.941,12.07,11.572,58668.0,300333
1198,2017-06-05,11.97,11.93,12.09,11.8,43757.0,300333
1199,2017-06-06,11.89,12.14,12.39,11.8,62649.0,300333
1200,2017-06-07,12.06,12.4,12.44,12.04,77377.0,300333
1201,2017-06-08,12.36,12.25,12.42,12.2,55203.0,300333
1202,2017-06-09,12.24,12.34,12.42,12.12,51012.0,300333
1203,2017-06-12,12.24,11.93,12.31,11.8,50143.0,300333
1204,2017-06-13,11.81,12.14,12.23,11.81,40456.0,300333
1205,2017-06-14,12.13,12.22,12.3,11.99,57099.0,300333
1206,2017-06-15,12.22,12.55,12.66,12.2,113984.0,300333
1207,2017-06-16,12.54,12.55,12.56,12.34,59635.0,300333
1208,2017-06-19,12.5,12.54,12.58,12.43,44896.0,300333
1209,2017-06-20,12.56,12.42,12.89,12.35,83988.0,300333
1210,2017-06-21,12.4,12.34,12.47,12.18,60901.0,300333
1211,2017-06-22,12.38,12.13,12.39,12.04,55579.0,300333
1212,2017-06-23,12.15,12.18,12.22,11.99,43710.0,300333
1213,2017-06-26,12.19,12.5,12.59,12.09,83470.0,300333
1214,2017-06-27,12.43,12.48,12.54,12.33,65344.0,300333
1215,2017-06-28,12.48,12.68,13.28,12.38,140004.0,300333
1216,2017-06-29,12.63,12.61,12.75,12.51,72898.0,300333
1217,2017-06-30,12.62,12.54,12.65,12.38,47108.0,300333
1218,2017-07-03,12.6,12.6,12.7,12.48,42482.0,300333
1219,2017-07-04,12.6,12.52,12.63,12.43,42735.0,300333
1220,2017-07-05,12.52,12.73,12.77,12.48,78928.0,300333
1221,2017-07-06,12.72,12.61,12.77,12.48,66610.0,300333
1222,2017-07-07,12.6,12.62,12.7,12.51,46370.0,300333
1223,2017-07-10,12.6,12.39,12.61,12.37,48021.0,300333
1224,2017-07-11,12.38,12.23,12.43,12.12,44570.0,300333
1225,2017-07-12,12.12,12.18,12.27,11.93,39575.0,300333
1226,2017-07-13,12.15,12.1,12.22,12.05,23912.0,300333
1227,2017-07-14,12.15,12.01,12.21,12.0,30954.0,300333
1228,2017-07-17,11.93,10.81,11.94,10.81,99209.0,300333
1229,2017-07-18,10.54,10.82,10.93,10.2,109913.0,300333
1230,2017-07-19,10.69,10.88,10.99,10.47,77605.0,300333
1231,2017-07-20,10.81,10.75,10.96,10.67,53777.0,300333
1232,2017-07-21,10.73,10.72,10.84,10.58,41836.0,300333
1233,2017-07-24,10.72,10.7,10.77,10.5,36165.0,300333
1234,2017-07-25,10.68,10.74,10.82,10.61,35631.0,300333
1235,2017-07-26,10.71,10.59,10.77,10.54,34081.0,300333
1236,2017-07-27,10.59,11.08,11.16,10.59,97902.0,300333
1237,2017-07-28,11.08,10.99,11.23,10.92,56398.0,300333
1238,2017-07-31,10.92,11.0,11.08,10.81,38145.0,300333
1239,2017-08-01,10.96,11.01,11.08,10.92,32904.0,300333
1240,2017-08-02,11.0,10.91,11.18,10.88,46142.0,300333
1241,2017-08-03,10.85,11.05,11.25,10.73,65689.0,300333
1242,2017-08-04,11.05,10.85,11.05,10.83,49336.0,300333
1243,2017-08-07,10.8,10.99,11.22,10.8,47064.0,300333
1244,2017-08-08,10.94,11.13,11.2,10.91,61389.0,300333
1245,2017-08-09,11.12,11.08,11.22,11.04,42759.0,300333
1246,2017-08-10,11.06,10.8,11.14,10.72,53838.0,300333
1247,2017-08-11,10.73,10.75,10.93,10.64,46910.0,300333
1248,2017-08-14,10.76,11.19,11.26,10.76,84965.0,300333
1249,2017-08-15,11.15,11.19,11.24,11.11,42132.0,300333
1250,2017-08-16,11.2,11.46,11.58,11.15,97912.0,300333
1251,2017-08-17,11.4,11.57,11.77,11.37,87872.0,300333
1252,2017-08-18,11.44,11.43,11.72,11.39,58238.0,300333
1253,2017-08-21,11.45,11.51,11.67,11.42,45062.0,300333
1254,2017-08-22,11.51,11.34,11.53,11.31,39783.0,300333
1255,2017-08-23,11.35,11.4,11.54,11.35,38871.0,300333
1256,2017-08-24,11.38,11.2,11.45,11.2,42239.0,300333
1257,2017-08-25,11.27,11.49,11.59,11.22,50829.0,300333
1258,2017-08-28,11.65,11.68,11.82,11.45,70785.0,300333
1259,2017-08-29,11.64,11.62,11.8,11.53,47782.0,300333
1260,2017-08-30,11.57,11.73,11.99,11.56,71149.0,300333
1261,2017-08-31,11.71,11.79,11.81,11.59,42375.0,300333
1262,2017-09-01,11.75,12.05,12.07,11.68,85722.0,300333
1263,2017-09-04,12.04,12.18,12.24,11.93,89768.0,300333
1264,2017-09-05,12.15,12.02,12.35,11.96,76987.0,300333
1265,2017-09-06,11.95,12.2,12.3,11.91,82802.0,300333
1266,2017-09-07,12.2,11.97,12.26,11.95,86597.0,300333
1267,2017-09-08,11.93,12.06,12.13,11.9,70352.0,300333
1268,2017-09-11,12.02,12.0,12.14,11.95,52313.0,300333
1269,2017-09-12,12.04,11.86,12.06,11.79,64852.0,300333
1270,2017-09-13,11.86,11.95,11.98,11.82,32373.0,300333
1271,2017-09-14,11.96,11.8,12.0,11.71,45258.0,300333
1272,2017-09-15,11.77,11.73,11.82,11.63,43175.0,300333
1273,2017-09-18,11.67,11.82,11.84,11.65,35598.0,300333
1274,2017-09-19,11.82,11.66,11.84,11.63,35927.0,300333
1275,2017-09-20,11.63,11.9,11.92,11.63,48971.0,300333
1276,2017-09-21,11.89,11.67,11.93,11.66,48083.0,300333
1277,2017-09-22,11.66,11.7,11.75,11.47,41933.0,300333
1278,2017-09-25,11.71,11.6,11.76,11.5,37506.0,300333
1279,2017-09-26,11.55,11.33,11.62,11.15,44946.0,300333
1280,2017-09-27,11.33,11.42,11.49,11.3,29814.0,300333
1281,2017-09-28,11.43,11.7,11.95,11.34,84202.0,300333
1282,2017-09-29,11.69,11.64,11.79,11.57,64813.0,300333
1283,2017-10-09,11.76,12.07,12.07,11.68,105800.0,300333
1284,2017-10-10,12.06,12.25,12.32,11.96,95683.0,300333
1285,2017-10-11,12.21,12.04,12.29,11.95,80447.0,300333
1286,2017-10-12,12.04,12.12,12.33,11.96,98973.0,300333
1287,2017-10-13,12.08,12.35,12.38,11.86,93484.0,300333
1288,2017-10-16,12.33,11.61,12.33,11.6,95583.0,300333
1289,2017-10-17,11.64,11.69,11.77,11.56,39990.0,300333
1290,2017-10-18,11.25,11.13,11.53,11.07,84094.0,300333
1291,2017-10-19,11.13,11.0,11.24,10.95,39246.0,300333
1292,2017-10-20,11.0,11.14,11.15,10.95,25325.0,300333
1293,2017-10-23,11.16,11.15,11.2,11.08,24899.0,300333
1294,2017-10-24,11.1,11.04,11.15,10.84,32303.0,300333
1295,2017-10-25,11.03,11.18,11.24,11.0,34065.0,300333
1296,2017-10-26,11.22,11.19,11.33,11.08,32318.0,300333
1297,2017-10-27,11.19,10.94,11.3,10.88,38420.0,300333
1298,2017-10-30,10.93,10.33,11.07,10.3,59709.0,300333
1299,2017-10-31,10.37,10.45,10.53,10.31,31672.0,300333
1300,2017-11-01,10.47,10.34,10.54,10.34,19558.0,300333
1301,2017-11-02,10.4,10.41,10.46,10.15,40803.0,300333
1302,2017-11-03,10.4,10.28,10.46,10.15,34396.0,300333
1303,2017-11-06,10.32,10.38,10.38,10.18,32987.0,300333
1304,2017-11-07,10.37,10.4,10.43,10.22,36316.0,300333
1305,2017-11-08,10.39,10.52,10.8,10.39,66531.0,300333
1306,2017-11-09,10.58,10.81,10.97,10.49,86325.0,300333
1307,2017-11-10,10.7,10.63,10.74,10.56,57197.0,300333
1308,2017-11-13,10.62,10.54,10.68,10.49,37761.0,300333
1309,2017-11-14,10.54,10.24,10.59,10.2,66566.0,300333
1310,2017-11-15,10.26,10.14,10.27,10.11,42616.0,300333
1311,2017-11-16,10.11,10.18,10.36,10.08,38696.0,300333
1312,2017-11-17,10.19,9.42,10.19,9.3,97496.0,300333
1313,2017-11-20,9.32,9.43,9.46,9.09,40633.0,300333
1314,2017-11-21,9.4,9.3,9.46,9.24,33546.0,300333
1315,2017-11-22,9.32,9.32,9.49,9.22,41446.0,300333
1316,2017-11-23,9.32,9.24,9.59,9.17,54120.0,300333
1317,2017-11-24,9.13,9.25,9.31,9.08,28546.0,300333
1318,2017-11-27,9.23,9.19,9.38,9.15,25561.0,300333
1319,2017-11-28,9.21,9.4,9.42,9.21,29167.0,300333
1320,2017-11-29,9.41,9.3,9.44,9.19,27985.0,300333
1321,2017-11-30,9.28,9.22,9.34,9.18,22827.0,300333
1322,2017-12-01,9.22,9.43,9.49,9.17,59270.0,300333
1323,2017-12-04,9.4,9.18,9.43,9.15,38953.0,300333
1324,2017-12-05,9.16,8.68,9.22,8.63,60978.0,300333
1325,2017-12-06,8.67,8.93,8.95,8.6,50179.0,300333
1326,2017-12-07,8.91,8.82,8.98,8.8,57942.0,300333
1327,2017-12-08,8.81,8.99,9.07,8.81,68323.0,300333
1328,2017-12-11,8.96,9.3,9.37,8.92,113626.0,300333
